Fecha,CVEGEO,MUNICIPIO,DECESOS,NUEVOS
04/04/2020,26002,Agua Prieta,0,0
05/04/2020,26002,Agua Prieta,0,0
06/04/2020,26002,Agua Prieta,0,0
07/04/2020,26002,Agua Prieta,0,0
08/04/2020,26002,Agua Prieta,0,0
09/04/2020,26002,Agua Prieta,0,0
10/04/2020,26002,Agua Prieta,0,0
11/04/2020,26002,Agua Prieta,0,0
12/04/2020,26002,Agua Prieta,0,0
13/04/2020,26002,Agua Prieta,0,0
14/04/2020,26002,Agua Prieta,0,0
15/04/2020,26002,Agua Prieta,0,0
16/04/2020,26002,Agua Prieta,0,0
17/04/2020,26002,Agua Prieta,0,0
18/04/2020,26002,Agua Prieta,0,0
19/04/2020,26002,Agua Prieta,0,0
20/04/2020,26002,Agua Prieta,0,0
21/04/2020,26002,Agua Prieta,0,0
22/04/2020,26002,Agua Prieta,0,0
23/04/2020,26002,Agua Prieta,0,0
24/04/2020,26002,Agua Prieta,0,0
25/04/2020,26002,Agua Prieta,0,0
26/04/2020,26002,Agua Prieta,0,0
27/04/2020,26002,Agua Prieta,0,0
28/04/2020,26002,Agua Prieta,0,0
29/04/2020,26002,Agua Prieta,0,0
30/04/2020,26002,Agua Prieta,0,0
01/05/2020,26002,Agua Prieta,0,0
02/05/2020,26002,Agua Prieta,0,0
03/05/2020,26002,Agua Prieta,0,0
04/05/2020,26002,Agua Prieta,0,0
05/05/2020,26002,Agua Prieta,0,0
06/05/2020,26002,Agua Prieta,0,0
07/05/2020,26002,Agua Prieta,0,0
08/05/2020,26002,Agua Prieta,0,0
09/05/2020,26002,Agua Prieta,0,0
10/05/2020,26002,Agua Prieta,0,0
11/05/2020,26002,Agua Prieta,0,0
12/05/2020,26002,Agua Prieta,0,0
13/05/2020,26002,Agua Prieta,0,0
14/05/2020,26002,Agua Prieta,0,0
15/05/2020,26002,Agua Prieta,0,0
16/05/2020,26002,Agua Prieta,0,0
17/05/2020,26002,Agua Prieta,0,0
18/05/2020,26002,Agua Prieta,0,0
19/05/2020,26002,Agua Prieta,1,1
20/05/2020,26002,Agua Prieta,1,0
21/05/2020,26002,Agua Prieta,1,0
22/05/2020,26002,Agua Prieta,1,0
23/05/2020,26002,Agua Prieta,2,1
24/05/2020,26002,Agua Prieta,2,0
25/05/2020,26002,Agua Prieta,2,0
26/05/2020,26002,Agua Prieta,2,0
27/05/2020,26002,Agua Prieta,2,0
28/05/2020,26002,Agua Prieta,2,0
29/05/2020,26002,Agua Prieta,2,0
30/05/2020,26002,Agua Prieta,2,0
31/05/2020,26002,Agua Prieta,3,1
01/06/2020,26002,Agua Prieta,3,0
02/06/2020,26002,Agua Prieta,3,0
03/06/2020,26002,Agua Prieta,3,0
04/06/2020,26002,Agua Prieta,4,1
05/06/2020,26002,Agua Prieta,4,0
06/06/2020,26002,Agua Prieta,4,0
07/06/2020,26002,Agua Prieta,4,0
08/06/2020,26002,Agua Prieta,5,1
09/06/2020,26002,Agua Prieta,6,1
10/06/2020,26002,Agua Prieta,6,0
11/06/2020,26002,Agua Prieta,6,0
12/06/2020,26002,Agua Prieta,6,0
13/06/2020,26002,Agua Prieta,6,0
14/06/2020,26002,Agua Prieta,6,0
15/06/2020,26002,Agua Prieta,8,2
16/06/2020,26002,Agua Prieta,9,1
17/06/2020,26002,Agua Prieta,9,0
18/06/2020,26002,Agua Prieta,9,0
19/06/2020,26002,Agua Prieta,11,2
20/06/2020,26002,Agua Prieta,11,0
21/06/2020,26002,Agua Prieta,11,0
22/06/2020,26002,Agua Prieta,12,1
23/06/2020,26002,Agua Prieta,12,0
24/06/2020,26002,Agua Prieta,12,0
25/06/2020,26002,Agua Prieta,14,2
26/06/2020,26002,Agua Prieta,14,0
27/06/2020,26002,Agua Prieta,14,0
28/06/2020,26002,Agua Prieta,14,0
29/06/2020,26002,Agua Prieta,15,1
04/04/2020,26004,Altar,0,0
05/04/2020,26004,Altar,0,0
06/04/2020,26004,Altar,0,0
07/04/2020,26004,Altar,0,0
08/04/2020,26004,Altar,0,0
09/04/2020,26004,Altar,0,0
10/04/2020,26004,Altar,0,0
11/04/2020,26004,Altar,0,0
12/04/2020,26004,Altar,0,0
13/04/2020,26004,Altar,0,0
14/04/2020,26004,Altar,0,0
15/04/2020,26004,Altar,0,0
16/04/2020,26004,Altar,0,0
17/04/2020,26004,Altar,0,0
18/04/2020,26004,Altar,0,0
19/04/2020,26004,Altar,0,0
20/04/2020,26004,Altar,0,0
21/04/2020,26004,Altar,0,0
22/04/2020,26004,Altar,0,0
23/04/2020,26004,Altar,0,0
24/04/2020,26004,Altar,0,0
25/04/2020,26004,Altar,0,0
26/04/2020,26004,Altar,0,0
27/04/2020,26004,Altar,0,0
28/04/2020,26004,Altar,0,0
29/04/2020,26004,Altar,0,0
30/04/2020,26004,Altar,0,0
01/05/2020,26004,Altar,0,0
02/05/2020,26004,Altar,0,0
03/05/2020,26004,Altar,0,0
04/05/2020,26004,Altar,0,0
05/05/2020,26004,Altar,0,0
06/05/2020,26004,Altar,0,0
07/05/2020,26004,Altar,0,0
08/05/2020,26004,Altar,0,0
09/05/2020,26004,Altar,0,0
10/05/2020,26004,Altar,1,1
11/05/2020,26004,Altar,1,0
12/05/2020,26004,Altar,1,0
13/05/2020,26004,Altar,1,0
14/05/2020,26004,Altar,1,0
15/05/2020,26004,Altar,1,0
16/05/2020,26004,Altar,1,0
17/05/2020,26004,Altar,1,0
18/05/2020,26004,Altar,1,0
19/05/2020,26004,Altar,1,0
20/05/2020,26004,Altar,1,0
21/05/2020,26004,Altar,1,0
22/05/2020,26004,Altar,1,0
23/05/2020,26004,Altar,1,0
24/05/2020,26004,Altar,1,0
25/05/2020,26004,Altar,1,0
26/05/2020,26004,Altar,1,0
27/05/2020,26004,Altar,1,0
28/05/2020,26004,Altar,1,0
29/05/2020,26004,Altar,1,0
30/05/2020,26004,Altar,1,0
31/05/2020,26004,Altar,1,0
01/06/2020,26004,Altar,1,0
02/06/2020,26004,Altar,1,0
03/06/2020,26004,Altar,1,0
04/06/2020,26004,Altar,1,0
05/06/2020,26004,Altar,1,0
06/06/2020,26004,Altar,1,0
07/06/2020,26004,Altar,1,0
08/06/2020,26004,Altar,1,0
09/06/2020,26004,Altar,1,0
10/06/2020,26004,Altar,1,0
11/06/2020,26004,Altar,1,0
12/06/2020,26004,Altar,1,0
13/06/2020,26004,Altar,1,0
14/06/2020,26004,Altar,1,0
15/06/2020,26004,Altar,2,1
16/06/2020,26004,Altar,2,0
17/06/2020,26004,Altar,2,0
18/06/2020,26004,Altar,2,0
19/06/2020,26004,Altar,2,0
20/06/2020,26004,Altar,2,0
21/06/2020,26004,Altar,2,0
22/06/2020,26004,Altar,2,0
23/06/2020,26004,Altar,2,0
24/06/2020,26004,Altar,2,0
25/06/2020,26004,Altar,2,0
26/06/2020,26004,Altar,2,0
27/06/2020,26004,Altar,2,0
28/06/2020,26004,Altar,2,0
29/06/2020,26004,Altar,2,0
04/04/2020,26011,Bacoachi,0,0
05/04/2020,26011,Bacoachi,0,0
06/04/2020,26011,Bacoachi,0,0
07/04/2020,26011,Bacoachi,0,0
08/04/2020,26011,Bacoachi,0,0
09/04/2020,26011,Bacoachi,0,0
10/04/2020,26011,Bacoachi,0,0
11/04/2020,26011,Bacoachi,0,0
12/04/2020,26011,Bacoachi,0,0
13/04/2020,26011,Bacoachi,0,0
14/04/2020,26011,Bacoachi,0,0
15/04/2020,26011,Bacoachi,0,0
16/04/2020,26011,Bacoachi,0,0
17/04/2020,26011,Bacoachi,0,0
18/04/2020,26011,Bacoachi,0,0
19/04/2020,26011,Bacoachi,0,0
20/04/2020,26011,Bacoachi,0,0
21/04/2020,26011,Bacoachi,0,0
22/04/2020,26011,Bacoachi,0,0
23/04/2020,26011,Bacoachi,0,0
24/04/2020,26011,Bacoachi,0,0
25/04/2020,26011,Bacoachi,0,0
26/04/2020,26011,Bacoachi,0,0
27/04/2020,26011,Bacoachi,0,0
28/04/2020,26011,Bacoachi,0,0
29/04/2020,26011,Bacoachi,0,0
30/04/2020,26011,Bacoachi,0,0
01/05/2020,26011,Bacoachi,0,0
02/05/2020,26011,Bacoachi,0,0
03/05/2020,26011,Bacoachi,0,0
04/05/2020,26011,Bacoachi,0,0
05/05/2020,26011,Bacoachi,0,0
06/05/2020,26011,Bacoachi,0,0
07/05/2020,26011,Bacoachi,0,0
08/05/2020,26011,Bacoachi,0,0
09/05/2020,26011,Bacoachi,0,0
10/05/2020,26011,Bacoachi,0,0
11/05/2020,26011,Bacoachi,0,0
12/05/2020,26011,Bacoachi,0,0
13/05/2020,26011,Bacoachi,0,0
14/05/2020,26011,Bacoachi,0,0
15/05/2020,26011,Bacoachi,0,0
16/05/2020,26011,Bacoachi,0,0
17/05/2020,26011,Bacoachi,0,0
18/05/2020,26011,Bacoachi,0,0
19/05/2020,26011,Bacoachi,0,0
20/05/2020,26011,Bacoachi,0,0
21/05/2020,26011,Bacoachi,0,0
22/05/2020,26011,Bacoachi,0,0
23/05/2020,26011,Bacoachi,0,0
24/05/2020,26011,Bacoachi,0,0
25/05/2020,26011,Bacoachi,0,0
26/05/2020,26011,Bacoachi,0,0
27/05/2020,26011,Bacoachi,0,0
28/05/2020,26011,Bacoachi,0,0
29/05/2020,26011,Bacoachi,0,0
30/05/2020,26011,Bacoachi,0,0
31/05/2020,26011,Bacoachi,0,0
01/06/2020,26011,Bacoachi,0,0
02/06/2020,26011,Bacoachi,0,0
03/06/2020,26011,Bacoachi,0,0
04/06/2020,26011,Bacoachi,0,0
05/06/2020,26011,Bacoachi,0,0
06/06/2020,26011,Bacoachi,0,0
07/06/2020,26011,Bacoachi,0,0
08/06/2020,26011,Bacoachi,0,0
09/06/2020,26011,Bacoachi,0,0
10/06/2020,26011,Bacoachi,0,0
11/06/2020,26011,Bacoachi,0,0
12/06/2020,26011,Bacoachi,0,0
13/06/2020,26011,Bacoachi,0,0
14/06/2020,26011,Bacoachi,0,0
15/06/2020,26011,Bacoachi,0,0
16/06/2020,26011,Bacoachi,0,0
17/06/2020,26011,Bacoachi,0,0
18/06/2020,26011,Bacoachi,1,1
19/06/2020,26011,Bacoachi,1,0
20/06/2020,26011,Bacoachi,1,0
21/06/2020,26011,Bacoachi,1,0
22/06/2020,26011,Bacoachi,1,0
23/06/2020,26011,Bacoachi,1,0
24/06/2020,26011,Bacoachi,1,0
25/06/2020,26011,Bacoachi,1,0
26/06/2020,26011,Bacoachi,1,0
27/06/2020,26011,Bacoachi,1,0
28/06/2020,26011,Bacoachi,1,0
29/06/2020,26011,Bacoachi,1,0
04/04/2020,26012,Bácum,0,0
05/04/2020,26012,Bácum,0,0
06/04/2020,26012,Bácum,0,0
07/04/2020,26012,Bácum,0,0
08/04/2020,26012,Bácum,0,0
09/04/2020,26012,Bácum,0,0
10/04/2020,26012,Bácum,0,0
11/04/2020,26012,Bácum,0,0
12/04/2020,26012,Bácum,0,0
13/04/2020,26012,Bácum,0,0
14/04/2020,26012,Bácum,0,0
15/04/2020,26012,Bácum,0,0
16/04/2020,26012,Bácum,0,0
17/04/2020,26012,Bácum,0,0
18/04/2020,26012,Bácum,0,0
19/04/2020,26012,Bácum,0,0
20/04/2020,26012,Bácum,0,0
21/04/2020,26012,Bácum,0,0
22/04/2020,26012,Bácum,0,0
23/04/2020,26012,Bácum,0,0
24/04/2020,26012,Bácum,0,0
25/04/2020,26012,Bácum,0,0
26/04/2020,26012,Bácum,0,0
27/04/2020,26012,Bácum,0,0
28/04/2020,26012,Bácum,0,0
29/04/2020,26012,Bácum,0,0
30/04/2020,26012,Bácum,0,0
01/05/2020,26012,Bácum,0,0
02/05/2020,26012,Bácum,0,0
03/05/2020,26012,Bácum,0,0
04/05/2020,26012,Bácum,0,0
05/05/2020,26012,Bácum,0,0
06/05/2020,26012,Bácum,0,0
07/05/2020,26012,Bácum,0,0
08/05/2020,26012,Bácum,0,0
09/05/2020,26012,Bácum,0,0
10/05/2020,26012,Bácum,0,0
11/05/2020,26012,Bácum,0,0
12/05/2020,26012,Bácum,0,0
13/05/2020,26012,Bácum,0,0
14/05/2020,26012,Bácum,0,0
15/05/2020,26012,Bácum,0,0
16/05/2020,26012,Bácum,0,0
17/05/2020,26012,Bácum,0,0
18/05/2020,26012,Bácum,0,0
19/05/2020,26012,Bácum,0,0
20/05/2020,26012,Bácum,0,0
21/05/2020,26012,Bácum,0,0
22/05/2020,26012,Bácum,0,0
23/05/2020,26012,Bácum,0,0
24/05/2020,26012,Bácum,0,0
25/05/2020,26012,Bácum,0,0
26/05/2020,26012,Bácum,0,0
27/05/2020,26012,Bácum,0,0
28/05/2020,26012,Bácum,0,0
29/05/2020,26012,Bácum,0,0
30/05/2020,26012,Bácum,0,0
31/05/2020,26012,Bácum,0,0
01/06/2020,26012,Bácum,0,0
02/06/2020,26012,Bácum,0,0
03/06/2020,26012,Bácum,0,0
04/06/2020,26012,Bácum,0,0
05/06/2020,26012,Bácum,0,0
06/06/2020,26012,Bácum,0,0
07/06/2020,26012,Bácum,0,0
08/06/2020,26012,Bácum,0,0
09/06/2020,26012,Bácum,0,0
10/06/2020,26013,Bácum,0,0
11/06/2020,26014,Bácum,0,0
12/06/2020,26012,Bácum,1,1
13/06/2020,26012,Bácum,1,0
14/06/2020,26012,Bácum,1,0
15/06/2020,26012,Bácum,1,0
16/06/2020,26012,Bácum,1,0
17/06/2020,26012,Bácum,1,0
18/06/2020,26012,Bácum,1,0
19/06/2020,26012,Bácum,1,0
20/06/2020,26012,Bácum,1,0
21/06/2020,26012,Bácum,1,0
22/06/2020,26012,Bácum,1,0
23/06/2020,26012,Bácum,2,1
24/06/2020,26012,Bácum,2,0
25/06/2020,26012,Bácum,2,0
26/06/2020,26012,Bácum,2,0
27/06/2020,26012,Bácum,2,0
28/06/2020,26012,Bácum,2,0
29/06/2020,26012,Bácum,2,0
04/04/2020,26071,Benito Juárez,0,0
05/04/2020,26071,Benito Juárez,0,0
06/04/2020,26071,Benito Juárez,0,0
07/04/2020,26071,Benito Juárez,0,0
08/04/2020,26071,Benito Juárez,0,0
09/04/2020,26071,Benito Juárez,0,0
10/04/2020,26071,Benito Juárez,0,0
11/04/2020,26071,Benito Juárez,0,0
12/04/2020,26071,Benito Juárez,0,0
13/04/2020,26071,Benito Juárez,0,0
14/04/2020,26071,Benito Juárez,0,0
15/04/2020,26071,Benito Juárez,0,0
16/04/2020,26071,Benito Juárez,0,0
17/04/2020,26071,Benito Juárez,0,0
18/04/2020,26071,Benito Juárez,0,0
19/04/2020,26071,Benito Juárez,0,0
20/04/2020,26071,Benito Juárez,0,0
21/04/2020,26071,Benito Juárez,0,0
22/04/2020,26071,Benito Juárez,0,0
23/04/2020,26071,Benito Juárez,0,0
24/04/2020,26071,Benito Juárez,0,0
25/04/2020,26071,Benito Juárez,0,0
26/04/2020,26071,Benito Juárez,0,0
27/04/2020,26071,Benito Juárez,0,0
28/04/2020,26071,Benito Juárez,0,0
29/04/2020,26071,Benito Juárez,0,0
30/04/2020,26071,Benito Juárez,0,0
01/05/2020,26071,Benito Juárez,0,0
02/05/2020,26071,Benito Juárez,0,0
03/05/2020,26071,Benito Juárez,0,0
04/05/2020,26071,Benito Juárez,0,0
05/05/2020,26071,Benito Juárez,0,0
06/05/2020,26071,Benito Juárez,0,0
07/05/2020,26071,Benito Juárez,0,0
08/05/2020,26071,Benito Juárez,0,0
09/05/2020,26071,Benito Juárez,0,0
10/05/2020,26071,Benito Juárez,0,0
11/05/2020,26071,Benito Juárez,0,0
12/05/2020,26071,Benito Juárez,0,0
13/05/2020,26071,Benito Juárez,0,0
14/05/2020,26071,Benito Juárez,0,0
15/05/2020,26071,Benito Juárez,0,0
16/05/2020,26071,Benito Juárez,0,0
17/05/2020,26071,Benito Juárez,0,0
18/05/2020,26071,Benito Juárez,0,0
19/05/2020,26071,Benito Juárez,1,1
20/05/2020,26071,Benito Juárez,1,0
21/05/2020,26071,Benito Juárez,1,0
22/05/2020,26071,Benito Juárez,1,0
23/05/2020,26071,Benito Juárez,1,0
24/05/2020,26071,Benito Juárez,1,0
25/05/2020,26071,Benito Juárez,1,0
26/05/2020,26071,Benito Juárez,1,0
27/05/2020,26071,Benito Juárez,1,0
28/05/2020,26071,Benito Juárez,1,0
29/05/2020,26071,Benito Juárez,1,0
30/05/2020,26071,Benito Juárez,1,0
31/05/2020,26071,Benito Juárez,1,0
01/06/2020,26071,Benito Juárez,1,0
02/06/2020,26071,Benito Juárez,1,0
03/06/2020,26071,Benito Juárez,1,0
04/06/2020,26071,Benito Juárez,1,0
05/06/2020,26071,Benito Juárez,2,1
06/06/2020,26071,Benito Juárez,2,0
07/06/2020,26071,Benito Juárez,2,0
08/06/2020,26071,Benito Juárez,2,0
09/06/2020,26071,Benito Juárez,2,0
10/06/2020,26071,Benito Juárez,3,1
11/06/2020,26071,Benito Juárez,3,0
12/06/2020,26071,Benito Juárez,4,1
13/06/2020,26071,Benito Juárez,5,1
14/06/2020,26071,Benito Juárez,6,1
15/06/2020,26071,Benito Juárez,6,0
16/06/2020,26071,Benito Juárez,6,0
17/06/2020,26071,Benito Juárez,6,0
18/06/2020,26071,Benito Juárez,7,1
19/06/2020,26071,Benito Juárez,7,0
20/06/2020,26071,Benito Juárez,7,0
21/06/2020,26071,Benito Juárez,7,0
22/06/2020,26071,Benito Juárez,7,0
23/06/2020,26071,Benito Juárez,7,0
24/06/2020,26071,Benito Juárez,7,0
25/06/2020,26071,Benito Juárez,7,0
26/06/2020,26071,Benito Juárez,7,0
27/06/2020,26071,Benito Juárez,8,1
28/06/2020,26071,Benito Juárez,8,0
29/06/2020,26071,Benito Juárez,8,0
04/04/2020,26016,Benjamín Hill,0,0
05/04/2020,26016,Benjamín Hill,0,0
06/04/2020,26016,Benjamín Hill,0,0
07/04/2020,26016,Benjamín Hill,0,0
08/04/2020,26016,Benjamín Hill,0,0
09/04/2020,26016,Benjamín Hill,0,0
10/04/2020,26016,Benjamín Hill,0,0
11/04/2020,26016,Benjamín Hill,0,0
12/04/2020,26016,Benjamín Hill,0,0
13/04/2020,26016,Benjamín Hill,0,0
14/04/2020,26016,Benjamín Hill,0,0
15/04/2020,26016,Benjamín Hill,0,0
16/04/2020,26016,Benjamín Hill,0,0
17/04/2020,26016,Benjamín Hill,0,0
18/04/2020,26016,Benjamín Hill,0,0
19/04/2020,26016,Benjamín Hill,0,0
20/04/2020,26016,Benjamín Hill,0,0
21/04/2020,26016,Benjamín Hill,0,0
22/04/2020,26016,Benjamín Hill,0,0
23/04/2020,26016,Benjamín Hill,0,0
24/04/2020,26016,Benjamín Hill,0,0
25/04/2020,26016,Benjamín Hill,0,0
26/04/2020,26016,Benjamín Hill,0,0
27/04/2020,26016,Benjamín Hill,0,0
28/04/2020,26016,Benjamín Hill,0,0
29/04/2020,26016,Benjamín Hill,0,0
30/04/2020,26016,Benjamín Hill,0,0
01/05/2020,26016,Benjamín Hill,0,0
02/05/2020,26016,Benjamín Hill,0,0
03/05/2020,26016,Benjamín Hill,0,0
04/05/2020,26016,Benjamín Hill,0,0
05/05/2020,26016,Benjamín Hill,0,0
06/05/2020,26016,Benjamín Hill,0,0
07/05/2020,26016,Benjamín Hill,0,0
08/05/2020,26016,Benjamín Hill,0,0
09/05/2020,26016,Benjamín Hill,0,0
10/05/2020,26016,Benjamín Hill,0,0
11/05/2020,26016,Benjamín Hill,0,0
12/05/2020,26016,Benjamín Hill,0,0
13/05/2020,26016,Benjamín Hill,0,0
14/05/2020,26016,Benjamín Hill,0,0
15/05/2020,26016,Benjamín Hill,0,0
16/05/2020,26016,Benjamín Hill,0,0
17/05/2020,26016,Benjamín Hill,0,0
18/05/2020,26016,Benjamín Hill,0,0
19/05/2020,26016,Benjamín Hill,0,0
20/05/2020,26016,Benjamín Hill,0,0
21/05/2020,26016,Benjamín Hill,0,0
22/05/2020,26016,Benjamín Hill,0,0
23/05/2020,26016,Benjamín Hill,0,0
24/05/2020,26016,Benjamín Hill,0,0
25/05/2020,26016,Benjamín Hill,0,0
26/05/2020,26016,Benjamín Hill,0,0
27/05/2020,26016,Benjamín Hill,0,0
28/05/2020,26016,Benjamín Hill,0,0
29/05/2020,26016,Benjamín Hill,0,0
30/05/2020,26016,Benjamín Hill,0,0
31/05/2020,26016,Benjamín Hill,0,0
01/06/2020,26016,Benjamín Hill,0,0
02/06/2020,26016,Benjamín Hill,0,0
03/06/2020,26016,Benjamín Hill,0,0
04/06/2020,26016,Benjamín Hill,0,0
05/06/2020,26016,Benjamín Hill,0,0
06/06/2020,26016,Benjamín Hill,0,0
07/06/2020,26016,Benjamín Hill,0,0
08/06/2020,26016,Benjamín Hill,0,0
09/06/2020,26016,Benjamín Hill,0,0
10/06/2020,26016,Benjamín Hill,0,0
11/06/2020,26016,Benjamín Hill,0,0
12/06/2020,26016,Benjamín Hill,0,0
13/06/2020,26016,Benjamín Hill,0,0
14/06/2020,26016,Benjamín Hill,0,0
15/06/2020,26016,Benjamín Hill,0,0
16/06/2020,26016,Benjamín Hill,0,0
17/06/2020,26016,Benjamín Hill,0,0
18/06/2020,26016,Benjamín Hill,0,0
19/06/2020,26016,Benjamín Hill,0,0
20/06/2020,26016,Benjamín Hill,0,0
21/06/2020,26016,Benjamín Hill,0,0
22/06/2020,26016,Benjamín Hill,0,0
23/06/2020,26016,Benjamín Hill,0,0
24/06/2020,26016,Benjamín Hill,0,0
25/06/2020,26016,Benjamín Hill,0,0
26/06/2020,26016,Benjamín Hill,1,1
27/06/2020,26016,Benjamín Hill,1,0
28/06/2020,26016,Benjamín Hill,1,0
29/06/2020,26016,Benjamín Hill,1,0
04/04/2020,26017,Caborca,0,0
05/04/2020,26017,Caborca,0,0
06/04/2020,26017,Caborca,0,0
07/04/2020,26017,Caborca,0,0
08/04/2020,26017,Caborca,0,0
09/04/2020,26017,Caborca,0,0
10/04/2020,26017,Caborca,0,0
11/04/2020,26017,Caborca,0,0
12/04/2020,26017,Caborca,0,0
13/04/2020,26017,Caborca,0,0
14/04/2020,26017,Caborca,0,0
15/04/2020,26017,Caborca,0,0
16/04/2020,26017,Caborca,0,0
17/04/2020,26017,Caborca,0,0
18/04/2020,26017,Caborca,1,1
19/04/2020,26017,Caborca,1,0
20/04/2020,26017,Caborca,1,0
21/04/2020,26017,Caborca,1,0
22/04/2020,26017,Caborca,2,1
23/04/2020,26017,Caborca,2,0
24/04/2020,26017,Caborca,2,0
25/04/2020,26017,Caborca,2,0
26/04/2020,26017,Caborca,2,0
27/04/2020,26017,Caborca,2,0
28/04/2020,26017,Caborca,3,1
29/04/2020,26017,Caborca,3,0
30/04/2020,26017,Caborca,3,0
01/05/2020,26017,Caborca,3,0
02/05/2020,26017,Caborca,3,0
03/05/2020,26017,Caborca,3,0
04/05/2020,26017,Caborca,3,0
05/05/2020,26017,Caborca,3,0
06/05/2020,26017,Caborca,3,0
07/05/2020,26017,Caborca,3,0
08/05/2020,26017,Caborca,3,0
09/05/2020,26017,Caborca,3,0
10/05/2020,26017,Caborca,3,0
11/05/2020,26017,Caborca,3,0
12/05/2020,26017,Caborca,3,0
13/05/2020,26017,Caborca,3,0
14/05/2020,26017,Caborca,4,1
15/05/2020,26017,Caborca,4,0
16/05/2020,26017,Caborca,4,0
17/05/2020,26017,Caborca,5,1
18/05/2020,26017,Caborca,6,1
19/05/2020,26017,Caborca,6,0
20/05/2020,26017,Caborca,6,0
21/05/2020,26017,Caborca,6,0
22/05/2020,26017,Caborca,7,1
23/05/2020,26017,Caborca,7,0
24/05/2020,26017,Caborca,7,0
25/05/2020,26017,Caborca,7,0
26/05/2020,26017,Caborca,8,1
27/05/2020,26017,Caborca,9,1
28/05/2020,26017,Caborca,10,1
29/05/2020,26017,Caborca,10,0
30/05/2020,26017,Caborca,10,0
31/05/2020,26017,Caborca,10,0
01/06/2020,26017,Caborca,10,0
02/06/2020,26017,Caborca,10,0
03/06/2020,26017,Caborca,11,1
04/06/2020,26017,Caborca,11,0
05/06/2020,26017,Caborca,11,0
06/06/2020,26017,Caborca,11,0
07/06/2020,26017,Caborca,12,1
08/06/2020,26017,Caborca,12,0
09/06/2020,26017,Caborca,12,0
10/06/2020,26017,Caborca,13,1
11/06/2020,26017,Caborca,12,0
12/06/2020,26017,Caborca,12,0
13/06/2020,26017,Caborca,13,1
14/06/2020,26017,Caborca,13,0
15/06/2020,26017,Caborca,13,0
16/06/2020,26017,Caborca,13,0
17/06/2020,26017,Caborca,15,2
18/06/2020,26017,Caborca,16,1
19/06/2020,26017,Caborca,16,0
20/06/2020,26017,Caborca,17,1
21/06/2020,26017,Caborca,18,1
22/06/2020,26017,Caborca,20,2
23/06/2020,26017,Caborca,21,1
24/06/2020,26017,Caborca,21,0
25/06/2020,26017,Caborca,23,2
26/06/2020,26017,Caborca,23,0
27/06/2020,26017,Caborca,23,0
28/06/2020,26017,Caborca,23,0
29/06/2020,26017,Caborca,23,0
04/04/2020,26018,Cajeme,0,0
05/04/2020,26018,Cajeme,0,0
06/04/2020,26018,Cajeme,0,0
07/04/2020,26018,Cajeme,0,0
08/04/2020,26018,Cajeme,0,0
09/04/2020,26018,Cajeme,1,1
10/04/2020,26018,Cajeme,1,0
11/04/2020,26018,Cajeme,1,0
12/04/2020,26018,Cajeme,1,0
13/04/2020,26018,Cajeme,1,0
14/04/2020,26018,Cajeme,1,0
15/04/2020,26018,Cajeme,1,0
16/04/2020,26018,Cajeme,1,0
17/04/2020,26018,Cajeme,1,0
18/04/2020,26018,Cajeme,1,0
19/04/2020,26018,Cajeme,1,0
20/04/2020,26018,Cajeme,1,0
21/04/2020,26018,Cajeme,1,0
22/04/2020,26018,Cajeme,1,0
23/04/2020,26018,Cajeme,1,0
24/04/2020,26018,Cajeme,1,0
25/04/2020,26018,Cajeme,1,0
26/04/2020,26018,Cajeme,1,0
27/04/2020,26018,Cajeme,1,0
28/04/2020,26018,Cajeme,1,0
29/04/2020,26018,Cajeme,1,0
30/04/2020,26018,Cajeme,2,1
01/05/2020,26018,Cajeme,2,0
02/05/2020,26018,Cajeme,2,0
03/05/2020,26018,Cajeme,2,0
04/05/2020,26018,Cajeme,2,0
05/05/2020,26018,Cajeme,2,0
06/05/2020,26018,Cajeme,2,0
07/05/2020,26018,Cajeme,2,0
08/05/2020,26018,Cajeme,2,0
09/05/2020,26018,Cajeme,3,1
10/05/2020,26018,Cajeme,3,0
11/05/2020,26018,Cajeme,5,2
12/05/2020,26018,Cajeme,5,0
13/05/2020,26018,Cajeme,6,1
14/05/2020,26018,Cajeme,7,1
15/05/2020,26018,Cajeme,7,0
16/05/2020,26018,Cajeme,7,0
17/05/2020,26018,Cajeme,7,0
18/05/2020,26018,Cajeme,7,0
19/05/2020,26018,Cajeme,9,2
20/05/2020,26018,Cajeme,10,1
21/05/2020,26018,Cajeme,13,3
22/05/2020,26018,Cajeme,14,1
23/05/2020,26018,Cajeme,18,4
24/05/2020,26018,Cajeme,22,4
25/05/2020,26018,Cajeme,23,1
26/05/2020,26018,Cajeme,26,3
27/05/2020,26018,Cajeme,28,2
28/05/2020,26018,Cajeme,30,2
29/05/2020,26018,Cajeme,33,3
30/05/2020,26018,Cajeme,35,2
31/05/2020,26018,Cajeme,40,5
01/06/2020,26018,Cajeme,41,1
02/06/2020,26018,Cajeme,43,2
03/06/2020,26018,Cajeme,47,4
04/06/2020,26018,Cajeme,52,5
05/06/2020,26018,Cajeme,54,2
06/06/2020,26018,Cajeme,54,0
07/06/2020,26018,Cajeme,54,0
08/06/2020,26018,Cajeme,58,4
09/06/2020,26018,Cajeme,64,6
10/06/2020,26018,Cajeme,69,5
11/06/2020,26018,Cajeme,76,7
12/06/2020,26018,Cajeme,82,6
13/06/2020,26018,Cajeme,85,3
14/06/2020,26018,Cajeme,94,9
15/06/2020,26018,Cajeme,98,4
16/06/2020,26018,Cajeme,109,11
17/06/2020,26018,Cajeme,111,2
18/06/2020,26018,Cajeme,120,9
19/06/2020,26018,Cajeme,143,23
20/06/2020,26018,Cajeme,144,1
21/06/2020,26018,Cajeme,148,4
22/06/2020,26018,Cajeme,154,6
23/06/2020,26018,Cajeme,183,29
24/06/2020,26018,Cajeme,198,15
25/06/2020,26018,Cajeme,202,4
26/06/2020,26018,Cajeme,214,12
27/06/2020,26018,Cajeme,226,12
28/06/2020,26018,Cajeme,231,5
29/06/2020,26018,Cajeme,247,16
04/04/2020,26019,Cananea,0,0
05/04/2020,26019,Cananea,0,0
06/04/2020,26019,Cananea,0,0
07/04/2020,26019,Cananea,0,0
08/04/2020,26019,Cananea,0,0
09/04/2020,26019,Cananea,0,0
10/04/2020,26019,Cananea,0,0
11/04/2020,26019,Cananea,0,0
12/04/2020,26019,Cananea,0,0
13/04/2020,26019,Cananea,0,0
14/04/2020,26019,Cananea,0,0
15/04/2020,26019,Cananea,0,0
16/04/2020,26019,Cananea,0,0
17/04/2020,26019,Cananea,0,0
18/04/2020,26019,Cananea,0,0
19/04/2020,26019,Cananea,0,0
20/04/2020,26019,Cananea,0,0
21/04/2020,26019,Cananea,0,0
22/04/2020,26019,Cananea,0,0
23/04/2020,26019,Cananea,0,0
24/04/2020,26019,Cananea,0,0
25/04/2020,26019,Cananea,0,0
26/04/2020,26019,Cananea,0,0
27/04/2020,26019,Cananea,0,0
28/04/2020,26019,Cananea,0,0
29/04/2020,26019,Cananea,0,0
30/04/2020,26019,Cananea,0,0
01/05/2020,26019,Cananea,0,0
02/05/2020,26019,Cananea,0,0
03/05/2020,26019,Cananea,0,0
04/05/2020,26019,Cananea,0,0
05/05/2020,26019,Cananea,0,0
06/05/2020,26019,Cananea,0,0
07/05/2020,26019,Cananea,0,0
08/05/2020,26019,Cananea,0,0
09/05/2020,26019,Cananea,0,0
10/05/2020,26019,Cananea,0,0
11/05/2020,26019,Cananea,0,0
12/05/2020,26019,Cananea,0,0
13/05/2020,26019,Cananea,0,0
14/05/2020,26019,Cananea,0,0
15/05/2020,26019,Cananea,0,0
16/05/2020,26019,Cananea,0,0
17/05/2020,26019,Cananea,0,0
18/05/2020,26019,Cananea,0,0
19/05/2020,26019,Cananea,0,0
20/05/2020,26019,Cananea,0,0
21/05/2020,26019,Cananea,0,0
22/05/2020,26019,Cananea,0,0
23/05/2020,26019,Cananea,0,0
24/05/2020,26019,Cananea,0,0
25/05/2020,26019,Cananea,0,0
26/05/2020,26019,Cananea,0,0
27/05/2020,26019,Cananea,0,0
28/05/2020,26019,Cananea,0,0
29/05/2020,26019,Cananea,0,0
30/05/2020,26019,Cananea,0,0
31/05/2020,26019,Cananea,0,0
01/06/2020,26019,Cananea,0,0
02/06/2020,26019,Cananea,0,0
03/06/2020,26019,Cananea,0,0
04/06/2020,26019,Cananea,0,0
05/06/2020,26019,Cananea,0,0
06/06/2020,26019,Cananea,0,0
07/06/2020,26019,Cananea,0,0
08/06/2020,26019,Cananea,1,1
09/06/2020,26019,Cananea,1,0
10/06/2020,26019,Cananea,1,0
11/06/2020,26019,Cananea,1,0
12/06/2020,26019,Cananea,2,1
13/06/2020,26019,Cananea,2,0
14/06/2020,26019,Cananea,2,0
15/06/2020,26019,Cananea,2,0
16/06/2020,26019,Cananea,2,0
17/06/2020,26019,Cananea,2,0
18/06/2020,26019,Cananea,2,0
19/06/2020,26019,Cananea,3,1
20/06/2020,26019,Cananea,3,0
21/06/2020,26019,Cananea,3,0
22/06/2020,26019,Cananea,3,0
23/06/2020,26019,Cananea,3,0
24/06/2020,26019,Cananea,3,0
25/06/2020,26019,Cananea,3,0
26/06/2020,26019,Cananea,3,0
27/06/2020,26019,Cananea,4,1
28/06/2020,26019,Cananea,5,1
29/06/2020,26019,Cananea,6,1
04/04/2020,26020,Carbó,0,0
05/04/2020,26020,Carbó,0,0
06/04/2020,26020,Carbó,0,0
07/04/2020,26020,Carbó,0,0
08/04/2020,26020,Carbó,0,0
09/04/2020,26020,Carbó,0,0
10/04/2020,26020,Carbó,0,0
11/04/2020,26020,Carbó,0,0
12/04/2020,26020,Carbó,0,0
13/04/2020,26020,Carbó,0,0
14/04/2020,26020,Carbó,0,0
15/04/2020,26020,Carbó,0,0
16/04/2020,26020,Carbó,0,0
17/04/2020,26020,Carbó,0,0
18/04/2020,26020,Carbó,0,0
19/04/2020,26020,Carbó,0,0
20/04/2020,26020,Carbó,0,0
21/04/2020,26020,Carbó,0,0
22/04/2020,26020,Carbó,0,0
23/04/2020,26020,Carbó,0,0
24/04/2020,26020,Carbó,0,0
25/04/2020,26020,Carbó,0,0
26/04/2020,26020,Carbó,0,0
27/04/2020,26020,Carbó,0,0
28/04/2020,26020,Carbó,0,0
29/04/2020,26020,Carbó,0,0
30/04/2020,26020,Carbó,0,0
01/05/2020,26020,Carbó,0,0
02/05/2020,26020,Carbó,0,0
03/05/2020,26020,Carbó,0,0
04/05/2020,26020,Carbó,0,0
05/05/2020,26020,Carbó,0,0
06/05/2020,26020,Carbó,0,0
07/05/2020,26020,Carbó,0,0
08/05/2020,26020,Carbó,0,0
09/05/2020,26020,Carbó,0,0
10/05/2020,26020,Carbó,0,0
11/05/2020,26020,Carbó,0,0
12/05/2020,26020,Carbó,0,0
13/05/2020,26020,Carbó,0,0
14/05/2020,26020,Carbó,0,0
15/05/2020,26020,Carbó,0,0
16/05/2020,26020,Carbó,0,0
17/05/2020,26020,Carbó,0,0
18/05/2020,26020,Carbó,0,0
19/05/2020,26020,Carbó,0,0
20/05/2020,26020,Carbó,0,0
21/05/2020,26020,Carbó,0,0
22/05/2020,26020,Carbó,0,0
23/05/2020,26020,Carbó,0,0
24/05/2020,26020,Carbó,0,0
25/05/2020,26020,Carbó,0,0
26/05/2020,26020,Carbó,0,0
27/05/2020,26020,Carbó,0,0
28/05/2020,26020,Carbó,0,0
29/05/2020,26020,Carbó,0,0
30/05/2020,26020,Carbó,0,0
31/05/2020,26020,Carbó,0,0
01/06/2020,26020,Carbó,0,0
02/06/2020,26020,Carbó,0,0
03/06/2020,26020,Carbó,0,0
04/06/2020,26020,Carbó,0,0
05/06/2020,26020,Carbó,0,0
06/06/2020,26020,Carbó,0,0
07/06/2020,26020,Carbó,0,0
08/06/2020,26020,Carbó,0,0
09/06/2020,26020,Carbó,0,0
10/06/2020,26020,Carbó,0,0
11/06/2020,26020,Carbó,1,1
12/06/2020,26020,Carbó,1,0
13/06/2020,26020,Carbó,1,0
14/06/2020,26020,Carbó,1,0
15/06/2020,26020,Carbó,1,0
16/06/2020,26020,Carbó,1,0
17/06/2020,26020,Carbó,1,0
18/06/2020,26020,Carbó,1,0
19/06/2020,26020,Carbó,1,0
20/06/2020,26020,Carbó,1,0
21/06/2020,26020,Carbó,1,0
22/06/2020,26020,Carbó,1,0
23/06/2020,26020,Carbó,1,0
24/06/2020,26020,Carbó,1,0
25/06/2020,26020,Carbó,1,0
26/06/2020,26020,Carbó,1,0
27/06/2020,26020,Carbó,1,0
28/06/2020,26020,Carbó,1,0
29/06/2020,26020,Carbó,1,0
04/04/2020,26023,Cumpas,0,0
05/04/2020,26023,Cumpas,0,0
06/04/2020,26023,Cumpas,0,0
07/04/2020,26023,Cumpas,0,0
08/04/2020,26023,Cumpas,0,0
09/04/2020,26023,Cumpas,0,0
10/04/2020,26023,Cumpas,0,0
11/04/2020,26023,Cumpas,0,0
12/04/2020,26023,Cumpas,0,0
13/04/2020,26023,Cumpas,0,0
14/04/2020,26023,Cumpas,0,0
15/04/2020,26023,Cumpas,0,0
16/04/2020,26023,Cumpas,0,0
17/04/2020,26023,Cumpas,0,0
18/04/2020,26023,Cumpas,0,0
19/04/2020,26023,Cumpas,0,0
20/04/2020,26023,Cumpas,0,0
21/04/2020,26023,Cumpas,0,0
22/04/2020,26023,Cumpas,0,0
23/04/2020,26023,Cumpas,0,0
24/04/2020,26023,Cumpas,0,0
25/04/2020,26023,Cumpas,0,0
26/04/2020,26023,Cumpas,0,0
27/04/2020,26023,Cumpas,0,0
28/04/2020,26023,Cumpas,0,0
29/04/2020,26023,Cumpas,0,0
30/04/2020,26023,Cumpas,0,0
01/05/2020,26023,Cumpas,0,0
02/05/2020,26023,Cumpas,0,0
03/05/2020,26023,Cumpas,0,0
04/05/2020,26023,Cumpas,0,0
05/05/2020,26023,Cumpas,0,0
06/05/2020,26023,Cumpas,0,0
07/05/2020,26023,Cumpas,0,0
08/05/2020,26023,Cumpas,0,0
09/05/2020,26023,Cumpas,0,0
10/05/2020,26023,Cumpas,0,0
11/05/2020,26023,Cumpas,0,0
12/05/2020,26023,Cumpas,0,0
13/05/2020,26023,Cumpas,0,0
14/05/2020,26023,Cumpas,1,1
15/05/2020,26023,Cumpas,1,0
16/05/2020,26023,Cumpas,1,0
17/05/2020,26023,Cumpas,1,0
18/05/2020,26023,Cumpas,1,0
19/05/2020,26023,Cumpas,1,0
20/05/2020,26023,Cumpas,1,0
21/05/2020,26023,Cumpas,1,0
22/05/2020,26023,Cumpas,1,0
23/05/2020,26023,Cumpas,1,0
24/05/2020,26023,Cumpas,1,0
25/05/2020,26023,Cumpas,1,0
26/05/2020,26023,Cumpas,1,0
27/05/2020,26023,Cumpas,1,0
28/05/2020,26023,Cumpas,1,0
29/05/2020,26023,Cumpas,1,0
30/05/2020,26023,Cumpas,1,0
31/05/2020,26023,Cumpas,1,0
01/06/2020,26023,Cumpas,1,0
02/06/2020,26023,Cumpas,1,0
03/06/2020,26023,Cumpas,1,0
04/06/2020,26023,Cumpas,1,0
05/06/2020,26023,Cumpas,1,0
06/06/2020,26023,Cumpas,1,0
07/06/2020,26023,Cumpas,1,0
08/06/2020,26023,Cumpas,1,0
09/06/2020,26023,Cumpas,1,0
10/06/2020,26023,Cumpas,1,0
11/06/2020,26023,Cumpas,1,0
12/06/2020,26023,Cumpas,1,0
13/06/2020,26023,Cumpas,1,0
14/06/2020,26023,Cumpas,1,0
15/06/2020,26023,Cumpas,1,0
16/06/2020,26023,Cumpas,1,0
17/06/2020,26023,Cumpas,1,0
18/06/2020,26023,Cumpas,1,0
19/06/2020,26023,Cumpas,1,0
20/06/2020,26023,Cumpas,1,0
21/06/2020,26023,Cumpas,1,0
22/06/2020,26023,Cumpas,2,1
23/06/2020,26023,Cumpas,2,0
24/06/2020,26023,Cumpas,2,0
25/06/2020,26023,Cumpas,2,0
26/06/2020,26023,Cumpas,2,0
27/06/2020,26023,Cumpas,2,0
28/06/2020,26023,Cumpas,2,0
29/06/2020,26023,Cumpas,2,0
04/04/2020,26025,Empalme,0,0
05/04/2020,26025,Empalme,0,0
06/04/2020,26025,Empalme,0,0
07/04/2020,26025,Empalme,0,0
08/04/2020,26025,Empalme,0,0
09/04/2020,26025,Empalme,0,0
10/04/2020,26025,Empalme,0,0
11/04/2020,26025,Empalme,0,0
12/04/2020,26025,Empalme,0,0
13/04/2020,26025,Empalme,0,0
14/04/2020,26025,Empalme,0,0
15/04/2020,26025,Empalme,0,0
16/04/2020,26025,Empalme,0,0
17/04/2020,26025,Empalme,0,0
18/04/2020,26025,Empalme,0,0
19/04/2020,26025,Empalme,0,0
20/04/2020,26025,Empalme,0,0
21/04/2020,26025,Empalme,0,0
22/04/2020,26025,Empalme,0,0
23/04/2020,26025,Empalme,0,0
24/04/2020,26025,Empalme,0,0
25/04/2020,26025,Empalme,0,0
26/04/2020,26025,Empalme,0,0
27/04/2020,26025,Empalme,0,0
28/04/2020,26025,Empalme,0,0
29/04/2020,26025,Empalme,0,0
30/04/2020,26025,Empalme,0,0
01/05/2020,26025,Empalme,0,0
02/05/2020,26025,Empalme,0,0
03/05/2020,26025,Empalme,0,0
04/05/2020,26025,Empalme,0,0
05/05/2020,26025,Empalme,0,0
06/05/2020,26025,Empalme,0,0
07/05/2020,26025,Empalme,0,0
08/05/2020,26025,Empalme,0,0
09/05/2020,26025,Empalme,0,0
10/05/2020,26025,Empalme,0,0
11/05/2020,26025,Empalme,0,0
12/05/2020,26025,Empalme,0,0
13/05/2020,26025,Empalme,0,0
14/05/2020,26025,Empalme,0,0
15/05/2020,26025,Empalme,0,0
16/05/2020,26025,Empalme,0,0
17/05/2020,26025,Empalme,0,0
18/05/2020,26025,Empalme,0,0
19/05/2020,26025,Empalme,0,0
20/05/2020,26025,Empalme,0,0
21/05/2020,26025,Empalme,0,0
22/05/2020,26025,Empalme,0,0
23/05/2020,26025,Empalme,0,0
24/05/2020,26025,Empalme,0,0
25/05/2020,26025,Empalme,0,0
26/05/2020,26025,Empalme,0,0
27/05/2020,26025,Empalme,0,0
28/05/2020,26025,Empalme,0,0
29/05/2020,26025,Empalme,0,0
30/05/2020,26025,Empalme,0,0
31/05/2020,26025,Empalme,0,0
01/06/2020,26025,Empalme,0,0
02/06/2020,26025,Empalme,0,0
03/06/2020,26025,Empalme,0,0
04/06/2020,26025,Empalme,0,0
05/06/2020,26025,Empalme,1,1
06/06/2020,26025,Empalme,1,0
07/06/2020,26025,Empalme,1,0
08/06/2020,26025,Empalme,1,0
09/06/2020,26025,Empalme,1,0
10/06/2020,26025,Empalme,1,0
11/06/2020,26025,Empalme,1,0
12/06/2020,26025,Empalme,1,0
13/06/2020,26025,Empalme,1,0
14/06/2020,26025,Empalme,1,0
15/06/2020,26025,Empalme,1,0
16/06/2020,26025,Empalme,1,0
17/06/2020,26025,Empalme,1,0
18/06/2020,26025,Empalme,1,0
19/06/2020,26025,Empalme,1,0
20/06/2020,26025,Empalme,1,0
21/06/2020,26025,Empalme,1,0
22/06/2020,26025,Empalme,1,0
23/06/2020,26025,Empalme,2,1
24/06/2020,26025,Empalme,2,0
25/06/2020,26025,Empalme,2,0
26/06/2020,26025,Empalme,2,0
27/06/2020,26025,Empalme,2,0
28/06/2020,26025,Empalme,2,0
29/06/2020,26025,Empalme,3,1
04/04/2020,26026,Etchojoa,0,0
05/04/2020,26026,Etchojoa,0,0
06/04/2020,26026,Etchojoa,0,0
07/04/2020,26026,Etchojoa,0,0
08/04/2020,26026,Etchojoa,0,0
09/04/2020,26026,Etchojoa,0,0
10/04/2020,26026,Etchojoa,0,0
11/04/2020,26026,Etchojoa,0,0
12/04/2020,26026,Etchojoa,0,0
13/04/2020,26026,Etchojoa,0,0
14/04/2020,26026,Etchojoa,0,0
15/04/2020,26026,Etchojoa,0,0
16/04/2020,26026,Etchojoa,0,0
17/04/2020,26026,Etchojoa,0,0
18/04/2020,26026,Etchojoa,0,0
19/04/2020,26026,Etchojoa,0,0
20/04/2020,26026,Etchojoa,0,0
21/04/2020,26026,Etchojoa,0,0
22/04/2020,26026,Etchojoa,0,0
23/04/2020,26026,Etchojoa,0,0
24/04/2020,26026,Etchojoa,0,0
25/04/2020,26026,Etchojoa,0,0
26/04/2020,26026,Etchojoa,0,0
27/04/2020,26026,Etchojoa,0,0
28/04/2020,26026,Etchojoa,0,0
29/04/2020,26026,Etchojoa,0,0
30/04/2020,26026,Etchojoa,0,0
01/05/2020,26026,Etchojoa,0,0
02/05/2020,26026,Etchojoa,0,0
03/05/2020,26026,Etchojoa,0,0
04/05/2020,26026,Etchojoa,0,0
05/05/2020,26026,Etchojoa,0,0
06/05/2020,26026,Etchojoa,0,0
07/05/2020,26026,Etchojoa,0,0
08/05/2020,26026,Etchojoa,0,0
09/05/2020,26026,Etchojoa,0,0
10/05/2020,26026,Etchojoa,0,0
11/05/2020,26026,Etchojoa,0,0
12/05/2020,26026,Etchojoa,0,0
13/05/2020,26026,Etchojoa,0,0
14/05/2020,26026,Etchojoa,0,0
15/05/2020,26026,Etchojoa,0,0
16/05/2020,26026,Etchojoa,0,0
17/05/2020,26026,Etchojoa,0,0
18/05/2020,26026,Etchojoa,1,1
19/05/2020,26026,Etchojoa,1,0
20/05/2020,26026,Etchojoa,2,1
21/05/2020,26026,Etchojoa,2,0
22/05/2020,26026,Etchojoa,2,0
23/05/2020,26026,Etchojoa,2,0
24/05/2020,26026,Etchojoa,2,0
25/05/2020,26026,Etchojoa,2,0
26/05/2020,26026,Etchojoa,2,0
27/05/2020,26026,Etchojoa,2,0
28/05/2020,26026,Etchojoa,2,0
29/05/2020,26026,Etchojoa,2,0
30/05/2020,26026,Etchojoa,2,0
31/05/2020,26026,Etchojoa,2,0
01/06/2020,26026,Etchojoa,2,0
02/06/2020,26026,Etchojoa,2,0
03/06/2020,26026,Etchojoa,2,0
04/06/2020,26026,Etchojoa,2,0
05/06/2020,26026,Etchojoa,2,0
06/06/2020,26026,Etchojoa,3,1
07/06/2020,26026,Etchojoa,3,0
08/06/2020,26026,Etchojoa,3,0
09/06/2020,26026,Etchojoa,3,0
10/06/2020,26026,Etchojoa,3,0
11/06/2020,26026,Etchojoa,3,0
12/06/2020,26026,Etchojoa,3,0
13/06/2020,26026,Etchojoa,3,0
14/06/2020,26026,Etchojoa,4,1
15/06/2020,26026,Etchojoa,4,0
16/06/2020,26026,Etchojoa,4,0
17/06/2020,26026,Etchojoa,4,0
18/06/2020,26026,Etchojoa,4,0
19/06/2020,26026,Etchojoa,5,1
20/06/2020,26026,Etchojoa,7,2
21/06/2020,26026,Etchojoa,8,1
22/06/2020,26026,Etchojoa,9,1
23/06/2020,26026,Etchojoa,9,0
24/06/2020,26026,Etchojoa,9,0
25/06/2020,26026,Etchojoa,10,1
26/06/2020,26026,Etchojoa,10,0
27/06/2020,26026,Etchojoa,12,2
28/06/2020,26026,Etchojoa,12,0
29/06/2020,26026,Etchojoa,12,0
04/04/2020,26027,Fronteras,0,0
05/04/2020,26027,Fronteras,0,0
06/04/2020,26027,Fronteras,0,0
07/04/2020,26027,Fronteras,0,0
08/04/2020,26027,Fronteras,0,0
09/04/2020,26027,Fronteras,0,0
10/04/2020,26027,Fronteras,0,0
11/04/2020,26027,Fronteras,0,0
12/04/2020,26027,Fronteras,0,0
13/04/2020,26027,Fronteras,0,0
14/04/2020,26027,Fronteras,0,0
15/04/2020,26027,Fronteras,0,0
16/04/2020,26027,Fronteras,0,0
17/04/2020,26027,Fronteras,0,0
18/04/2020,26027,Fronteras,0,0
19/04/2020,26027,Fronteras,0,0
20/04/2020,26027,Fronteras,0,0
21/04/2020,26027,Fronteras,0,0
22/04/2020,26027,Fronteras,0,0
23/04/2020,26027,Fronteras,0,0
24/04/2020,26027,Fronteras,0,0
25/04/2020,26027,Fronteras,0,0
26/04/2020,26027,Fronteras,0,0
27/04/2020,26027,Fronteras,0,0
28/04/2020,26027,Fronteras,0,0
29/04/2020,26027,Fronteras,0,0
30/04/2020,26027,Fronteras,0,0
01/05/2020,26027,Fronteras,0,0
02/05/2020,26027,Fronteras,0,0
03/05/2020,26027,Fronteras,0,0
04/05/2020,26027,Fronteras,0,0
05/05/2020,26027,Fronteras,0,0
06/05/2020,26027,Fronteras,0,0
07/05/2020,26027,Fronteras,0,0
08/05/2020,26027,Fronteras,0,0
09/05/2020,26027,Fronteras,0,0
10/05/2020,26027,Fronteras,0,0
11/05/2020,26027,Fronteras,0,0
12/05/2020,26027,Fronteras,0,0
13/05/2020,26027,Fronteras,0,0
14/05/2020,26027,Fronteras,0,0
15/05/2020,26027,Fronteras,0,0
16/05/2020,26027,Fronteras,0,0
17/05/2020,26027,Fronteras,0,0
18/05/2020,26027,Fronteras,0,0
19/05/2020,26027,Fronteras,0,0
20/05/2020,26027,Fronteras,0,0
21/05/2020,26027,Fronteras,0,0
22/05/2020,26027,Fronteras,0,0
23/05/2020,26027,Fronteras,0,0
24/05/2020,26027,Fronteras,0,0
25/05/2020,26027,Fronteras,0,0
26/05/2020,26027,Fronteras,0,0
27/05/2020,26027,Fronteras,0,0
28/05/2020,26027,Fronteras,0,0
29/05/2020,26027,Fronteras,0,0
30/05/2020,26027,Fronteras,0,0
31/05/2020,26027,Fronteras,0,0
01/06/2020,26027,Fronteras,0,0
02/06/2020,26027,Fronteras,0,0
03/06/2020,26027,Fronteras,0,0
04/06/2020,26027,Fronteras,0,0
05/06/2020,26027,Fronteras,0,0
06/06/2020,26027,Fronteras,0,0
07/06/2020,26027,Fronteras,0,0
08/06/2020,26027,Fronteras,1,1
09/06/2020,26027,Fronteras,1,0
10/06/2020,26027,Fronteras,1,0
11/06/2020,26027,Fronteras,1,0
12/06/2020,26027,Fronteras,1,0
13/06/2020,26027,Fronteras,1,0
14/06/2020,26027,Fronteras,1,0
15/06/2020,26027,Fronteras,1,0
16/06/2020,26027,Fronteras,1,0
17/06/2020,26027,Fronteras,1,0
18/06/2020,26027,Fronteras,1,0
19/06/2020,26027,Fronteras,1,0
20/06/2020,26027,Fronteras,1,0
21/06/2020,26027,Fronteras,1,0
22/06/2020,26027,Fronteras,1,0
23/06/2020,26027,Fronteras,1,0
24/06/2020,26027,Fronteras,1,0
25/06/2020,26027,Fronteras,2,1
26/06/2020,26027,Fronteras,2,0
27/06/2020,26027,Fronteras,2,0
28/06/2020,26027,Fronteras,2,0
29/06/2020,26027,Fronteras,2,0
04/04/2020,26070,General Plutarco Elías Calles,0,0
05/04/2020,26070,General Plutarco Elías Calles,0,0
06/04/2020,26070,General Plutarco Elías Calles,0,0
07/04/2020,26070,General Plutarco Elías Calles,0,0
08/04/2020,26070,General Plutarco Elías Calles,0,0
09/04/2020,26070,General Plutarco Elías Calles,0,0
10/04/2020,26070,General Plutarco Elías Calles,0,0
11/04/2020,26070,General Plutarco Elías Calles,0,0
12/04/2020,26070,General Plutarco Elías Calles,0,0
13/04/2020,26070,General Plutarco Elías Calles,0,0
14/04/2020,26070,General Plutarco Elías Calles,0,0
15/04/2020,26070,General Plutarco Elías Calles,0,0
16/04/2020,26070,General Plutarco Elías Calles,0,0
17/04/2020,26070,General Plutarco Elías Calles,0,0
18/04/2020,26070,General Plutarco Elías Calles,0,0
19/04/2020,26070,General Plutarco Elías Calles,0,0
20/04/2020,26070,General Plutarco Elías Calles,0,0
21/04/2020,26070,General Plutarco Elías Calles,0,0
22/04/2020,26070,General Plutarco Elías Calles,0,0
23/04/2020,26070,General Plutarco Elías Calles,0,0
24/04/2020,26070,General Plutarco Elías Calles,0,0
25/04/2020,26070,General Plutarco Elías Calles,0,0
26/04/2020,26070,General Plutarco Elías Calles,0,0
27/04/2020,26070,General Plutarco Elías Calles,0,0
28/04/2020,26070,General Plutarco Elías Calles,0,0
29/04/2020,26070,General Plutarco Elías Calles,0,0
30/04/2020,26070,General Plutarco Elías Calles,0,0
01/05/2020,26070,General Plutarco Elías Calles,0,0
02/05/2020,26070,General Plutarco Elías Calles,0,0
03/05/2020,26070,General Plutarco Elías Calles,0,0
04/05/2020,26070,General Plutarco Elías Calles,0,0
05/05/2020,26070,General Plutarco Elías Calles,0,0
06/05/2020,26070,General Plutarco Elías Calles,0,0
07/05/2020,26070,General Plutarco Elías Calles,0,0
08/05/2020,26070,General Plutarco Elías Calles,0,0
09/05/2020,26070,General Plutarco Elías Calles,0,0
10/05/2020,26070,General Plutarco Elías Calles,0,0
11/05/2020,26070,General Plutarco Elías Calles,0,0
12/05/2020,26070,General Plutarco Elías Calles,0,0
13/05/2020,26070,General Plutarco Elías Calles,0,0
14/05/2020,26070,General Plutarco Elías Calles,0,0
15/05/2020,26070,General Plutarco Elías Calles,0,0
16/05/2020,26070,General Plutarco Elías Calles,0,0
17/05/2020,26070,General Plutarco Elías Calles,0,0
18/05/2020,26070,General Plutarco Elías Calles,0,0
19/05/2020,26070,General Plutarco Elías Calles,0,0
20/05/2020,26070,General Plutarco Elías Calles,0,0
21/05/2020,26070,General Plutarco Elías Calles,0,0
22/05/2020,26070,General Plutarco Elías Calles,0,0
23/05/2020,26070,General Plutarco Elías Calles,0,0
24/05/2020,26070,General Plutarco Elías Calles,0,0
25/05/2020,26070,General Plutarco Elías Calles,1,1
26/05/2020,26070,General Plutarco Elías Calles,1,0
27/05/2020,26070,General Plutarco Elías Calles,1,0
28/05/2020,26070,General Plutarco Elías Calles,1,0
29/05/2020,26070,General Plutarco Elías Calles,1,0
30/05/2020,26070,General Plutarco Elías Calles,1,0
31/05/2020,26070,General Plutarco Elías Calles,1,0
01/06/2020,26070,General Plutarco Elías Calles,1,0
02/06/2020,26070,General Plutarco Elías Calles,1,0
03/06/2020,26070,General Plutarco Elías Calles,1,0
04/06/2020,26070,General Plutarco Elías Calles,1,0
05/06/2020,26070,General Plutarco Elías Calles,1,0
06/06/2020,26070,General Plutarco Elías Calles,1,0
07/06/2020,26070,General Plutarco Elías Calles,1,0
08/06/2020,26070,General Plutarco Elías Calles,1,0
09/06/2020,26070,General Plutarco Elías Calles,1,0
10/06/2020,26070,General Plutarco Elías Calles,2,1
11/06/2020,26070,General Plutarco Elías Calles,2,0
12/06/2020,26070,General Plutarco Elías Calles,2,0
13/06/2020,26070,General Plutarco Elías Calles,2,0
14/06/2020,26070,General Plutarco Elías Calles,2,0
15/06/2020,26070,General Plutarco Elías Calles,2,0
16/06/2020,26070,General Plutarco Elías Calles,2,0
17/06/2020,26070,General Plutarco Elías Calles,2,0
18/06/2020,26070,General Plutarco Elías Calles,2,0
19/06/2020,26070,General Plutarco Elías Calles,2,0
20/06/2020,26070,General Plutarco Elías Calles,2,0
21/06/2020,26070,General Plutarco Elías Calles,2,0
22/06/2020,26070,General Plutarco Elías Calles,2,0
23/06/2020,26070,General Plutarco Elías Calles,2,0
24/06/2020,26070,General Plutarco Elías Calles,3,1
25/06/2020,26070,General Plutarco Elías Calles,3,0
26/06/2020,26070,General Plutarco Elías Calles,3,0
27/06/2020,26070,General Plutarco Elías Calles,3,0
28/06/2020,26070,General Plutarco Elías Calles,3,0
29/06/2020,26070,General Plutarco Elías Calles,3,0
04/04/2020,26029,Guaymas,0,0
05/04/2020,26029,Guaymas,0,0
06/04/2020,26029,Guaymas,0,0
07/04/2020,26029,Guaymas,0,0
08/04/2020,26029,Guaymas,0,0
09/04/2020,26029,Guaymas,0,0
10/04/2020,26029,Guaymas,0,0
11/04/2020,26029,Guaymas,0,0
12/04/2020,26029,Guaymas,0,0
13/04/2020,26029,Guaymas,0,0
14/04/2020,26029,Guaymas,0,0
15/04/2020,26029,Guaymas,0,0
16/04/2020,26029,Guaymas,0,0
17/04/2020,26029,Guaymas,0,0
18/04/2020,26029,Guaymas,0,0
19/04/2020,26029,Guaymas,0,0
20/04/2020,26029,Guaymas,0,0
21/04/2020,26029,Guaymas,0,0
22/04/2020,26029,Guaymas,1,1
23/04/2020,26029,Guaymas,1,0
24/04/2020,26029,Guaymas,1,0
25/04/2020,26029,Guaymas,1,0
26/04/2020,26029,Guaymas,1,0
27/04/2020,26029,Guaymas,1,0
28/04/2020,26029,Guaymas,1,0
29/04/2020,26029,Guaymas,1,0
30/04/2020,26029,Guaymas,1,0
01/05/2020,26029,Guaymas,1,0
02/05/2020,26029,Guaymas,1,0
03/05/2020,26029,Guaymas,1,0
04/05/2020,26029,Guaymas,1,0
05/05/2020,26029,Guaymas,1,0
06/05/2020,26029,Guaymas,1,0
07/05/2020,26029,Guaymas,1,0
08/05/2020,26029,Guaymas,1,0
09/05/2020,26029,Guaymas,1,0
10/05/2020,26029,Guaymas,1,0
11/05/2020,26029,Guaymas,2,1
12/05/2020,26029,Guaymas,2,0
13/05/2020,26029,Guaymas,2,0
14/05/2020,26029,Guaymas,2,0
15/05/2020,26029,Guaymas,2,0
16/05/2020,26029,Guaymas,3,1
17/05/2020,26029,Guaymas,4,1
18/05/2020,26029,Guaymas,4,0
19/05/2020,26029,Guaymas,4,0
20/05/2020,26029,Guaymas,4,0
21/05/2020,26029,Guaymas,4,0
22/05/2020,26029,Guaymas,4,0
23/05/2020,26029,Guaymas,5,1
24/05/2020,26029,Guaymas,5,0
25/05/2020,26029,Guaymas,8,3
26/05/2020,26029,Guaymas,8,0
27/05/2020,26029,Guaymas,8,0
28/05/2020,26029,Guaymas,8,0
29/05/2020,26029,Guaymas,8,0
30/05/2020,26029,Guaymas,8,0
31/05/2020,26029,Guaymas,8,0
01/06/2020,26029,Guaymas,8,0
02/06/2020,26029,Guaymas,9,1
03/06/2020,26029,Guaymas,9,0
04/06/2020,26029,Guaymas,10,1
05/06/2020,26029,Guaymas,10,0
06/06/2020,26029,Guaymas,10,0
07/06/2020,26029,Guaymas,10,0
08/06/2020,26029,Guaymas,10,0
09/06/2020,26029,Guaymas,10,0
10/06/2020,26029,Guaymas,11,1
11/06/2020,26029,Guaymas,13,1
12/06/2020,26029,Guaymas,13,0
13/06/2020,26029,Guaymas,14,1
14/06/2020,26029,Guaymas,15,1
15/06/2020,26029,Guaymas,15,0
16/06/2020,26029,Guaymas,16,1
17/06/2020,26029,Guaymas,17,1
18/06/2020,26029,Guaymas,17,0
19/06/2020,26029,Guaymas,19,2
20/06/2020,26029,Guaymas,19,0
21/06/2020,26029,Guaymas,19,0
22/06/2020,26029,Guaymas,19,0
23/06/2020,26029,Guaymas,30,11
24/06/2020,26029,Guaymas,31,1
25/06/2020,26029,Guaymas,33,2
26/06/2020,26029,Guaymas,34,1
27/06/2020,26029,Guaymas,36,2
28/06/2020,26029,Guaymas,36,0
29/06/2020,26029,Guaymas,37,1
04/04/2020,26030,Hermosillo,0,0
05/04/2020,26030,Hermosillo,0,0
06/04/2020,26030,Hermosillo,0,0
07/04/2020,26030,Hermosillo,0,0
08/04/2020,26030,Hermosillo,0,0
09/04/2020,26030,Hermosillo,1,1
10/04/2020,26030,Hermosillo,1,0
11/04/2020,26030,Hermosillo,1,0
12/04/2020,26030,Hermosillo,1,0
13/04/2020,26030,Hermosillo,1,0
14/04/2020,26030,Hermosillo,1,0
15/04/2020,26030,Hermosillo,1,0
16/04/2020,26030,Hermosillo,1,0
17/04/2020,26030,Hermosillo,1,0
18/04/2020,26030,Hermosillo,2,1
19/04/2020,26030,Hermosillo,2,0
20/04/2020,26030,Hermosillo,2,0
21/04/2020,26030,Hermosillo,2,0
22/04/2020,26030,Hermosillo,2,0
23/04/2020,26030,Hermosillo,2,0
24/04/2020,26030,Hermosillo,2,0
25/04/2020,26030,Hermosillo,3,1
26/04/2020,26030,Hermosillo,3,0
27/04/2020,26030,Hermosillo,3,0
28/04/2020,26030,Hermosillo,3,0
29/04/2020,26030,Hermosillo,3,0
30/04/2020,26030,Hermosillo,3,0
01/05/2020,26030,Hermosillo,3,0
02/05/2020,26030,Hermosillo,3,0
03/05/2020,26030,Hermosillo,3,0
04/05/2020,26030,Hermosillo,3,0
05/05/2020,26030,Hermosillo,3,0
06/05/2020,26030,Hermosillo,4,1
07/05/2020,26030,Hermosillo,4,0
08/05/2020,26030,Hermosillo,4,0
09/05/2020,26030,Hermosillo,5,1
10/05/2020,26030,Hermosillo,5,0
11/05/2020,26030,Hermosillo,5,0
12/05/2020,26030,Hermosillo,6,1
13/05/2020,26030,Hermosillo,6,0
14/05/2020,26030,Hermosillo,7,1
15/05/2020,26030,Hermosillo,7,0
16/05/2020,26030,Hermosillo,7,0
17/05/2020,26030,Hermosillo,8,1
18/05/2020,26030,Hermosillo,8,0
19/05/2020,26030,Hermosillo,8,0
20/05/2020,26030,Hermosillo,8,0
21/05/2020,26030,Hermosillo,10,2
22/05/2020,26030,Hermosillo,10,0
23/05/2020,26030,Hermosillo,11,1
24/05/2020,26030,Hermosillo,12,1
25/05/2020,26030,Hermosillo,12,0
26/05/2020,26030,Hermosillo,13,1
27/05/2020,26030,Hermosillo,18,5
28/05/2020,26030,Hermosillo,21,3
29/05/2020,26030,Hermosillo,21,0
30/05/2020,26030,Hermosillo,22,1
31/05/2020,26030,Hermosillo,24,2
01/06/2020,26030,Hermosillo,26,2
02/06/2020,26030,Hermosillo,31,5
03/06/2020,26030,Hermosillo,34,3
04/06/2020,26030,Hermosillo,36,2
05/06/2020,26030,Hermosillo,38,2
06/06/2020,26030,Hermosillo,41,3
07/06/2020,26030,Hermosillo,41,0
08/06/2020,26030,Hermosillo,42,1
09/06/2020,26030,Hermosillo,47,5
10/06/2020,26030,Hermosillo,53,6
11/06/2020,26030,Hermosillo,58,5
12/06/2020,26030,Hermosillo,63,5
13/06/2020,26030,Hermosillo,66,3
14/06/2020,26030,Hermosillo,72,6
15/06/2020,26030,Hermosillo,74,2
16/06/2020,26030,Hermosillo,80,6
17/06/2020,26030,Hermosillo,83,3
18/06/2020,26030,Hermosillo,90,7
19/06/2020,26030,Hermosillo,95,5
20/06/2020,26030,Hermosillo,102,7
21/06/2020,26030,Hermosillo,107,5
22/06/2020,26030,Hermosillo,131,24
23/06/2020,26030,Hermosillo,134,3
24/06/2020,26030,Hermosillo,148,14
25/06/2020,26030,Hermosillo,158,10
26/06/2020,26030,Hermosillo,169,11
27/06/2020,26030,Hermosillo,171,2
28/06/2020,26030,Hermosillo,175,4
29/06/2020,26030,Hermosillo,179,4
04/04/2020,26033,Huatabampo,0,0
05/04/2020,26033,Huatabampo,0,0
06/04/2020,26033,Huatabampo,0,0
07/04/2020,26033,Huatabampo,0,0
08/04/2020,26033,Huatabampo,0,0
09/04/2020,26033,Huatabampo,1,1
10/04/2020,26033,Huatabampo,1,0
11/04/2020,26033,Huatabampo,1,0
12/04/2020,26033,Huatabampo,2,1
13/04/2020,26033,Huatabampo,2,0
14/04/2020,26033,Huatabampo,2,0
15/04/2020,26033,Huatabampo,2,0
16/04/2020,26033,Huatabampo,2,0
17/04/2020,26033,Huatabampo,2,0
18/04/2020,26033,Huatabampo,2,0
19/04/2020,26033,Huatabampo,2,0
20/04/2020,26033,Huatabampo,2,0
21/04/2020,26033,Huatabampo,2,0
22/04/2020,26033,Huatabampo,2,0
23/04/2020,26033,Huatabampo,2,0
24/04/2020,26033,Huatabampo,3,1
25/04/2020,26033,Huatabampo,3,0
26/04/2020,26033,Huatabampo,3,0
27/04/2020,26033,Huatabampo,3,0
28/04/2020,26033,Huatabampo,3,0
29/04/2020,26033,Huatabampo,3,0
30/04/2020,26033,Huatabampo,3,0
01/05/2020,26033,Huatabampo,3,0
02/05/2020,26033,Huatabampo,3,0
03/05/2020,26033,Huatabampo,3,0
04/05/2020,26033,Huatabampo,3,0
05/05/2020,26033,Huatabampo,3,0
06/05/2020,26033,Huatabampo,3,0
07/05/2020,26033,Huatabampo,3,0
08/05/2020,26033,Huatabampo,3,0
09/05/2020,26033,Huatabampo,3,0
10/05/2020,26033,Huatabampo,3,0
11/05/2020,26033,Huatabampo,3,0
12/05/2020,26033,Huatabampo,3,0
13/05/2020,26033,Huatabampo,3,0
14/05/2020,26033,Huatabampo,3,0
15/05/2020,26033,Huatabampo,3,0
16/05/2020,26033,Huatabampo,3,0
17/05/2020,26033,Huatabampo,3,0
18/05/2020,26033,Huatabampo,3,0
19/05/2020,26033,Huatabampo,4,1
20/05/2020,26033,Huatabampo,4,0
21/05/2020,26033,Huatabampo,4,0
22/05/2020,26033,Huatabampo,4,0
23/05/2020,26033,Huatabampo,4,0
24/05/2020,26033,Huatabampo,4,0
25/05/2020,26033,Huatabampo,4,0
26/05/2020,26033,Huatabampo,4,0
27/05/2020,26033,Huatabampo,4,0
28/05/2020,26033,Huatabampo,4,0
29/05/2020,26033,Huatabampo,4,0
30/05/2020,26033,Huatabampo,4,0
31/05/2020,26033,Huatabampo,4,0
01/06/2020,26033,Huatabampo,4,0
02/06/2020,26033,Huatabampo,4,0
03/06/2020,26033,Huatabampo,4,0
04/06/2020,26033,Huatabampo,4,0
05/06/2020,26033,Huatabampo,4,0
06/06/2020,26033,Huatabampo,4,0
07/06/2020,26033,Huatabampo,4,0
08/06/2020,26033,Huatabampo,4,0
09/06/2020,26033,Huatabampo,4,0
10/06/2020,26033,Huatabampo,4,0
11/06/2020,26033,Huatabampo,4,0
12/06/2020,26033,Huatabampo,4,0
13/06/2020,26033,Huatabampo,5,1
14/06/2020,26033,Huatabampo,5,0
15/06/2020,26033,Huatabampo,5,0
16/06/2020,26033,Huatabampo,5,0
17/06/2020,26033,Huatabampo,6,1
18/06/2020,26033,Huatabampo,6,0
19/06/2020,26033,Huatabampo,6,0
20/06/2020,26033,Huatabampo,6,0
21/06/2020,26033,Huatabampo,6,0
22/06/2020,26033,Huatabampo,7,1
23/06/2020,26033,Huatabampo,8,1
24/06/2020,26033,Huatabampo,8,0
25/06/2020,26033,Huatabampo,8,0
26/06/2020,26033,Huatabampo,8,0
27/06/2020,26033,Huatabampo,8,0
28/06/2020,26033,Huatabampo,8,0
29/06/2020,26033,Huatabampo,9,1
04/04/2020,26035,Imuris,0,0
05/04/2020,26035,Imuris,0,0
06/04/2020,26035,Imuris,0,0
07/04/2020,26035,Imuris,0,0
08/04/2020,26035,Imuris,0,0
09/04/2020,26035,Imuris,0,0
10/04/2020,26035,Imuris,0,0
11/04/2020,26035,Imuris,0,0
12/04/2020,26035,Imuris,0,0
13/04/2020,26035,Imuris,0,0
14/04/2020,26035,Imuris,0,0
15/04/2020,26035,Imuris,0,0
16/04/2020,26035,Imuris,0,0
17/04/2020,26035,Imuris,0,0
18/04/2020,26035,Imuris,0,0
19/04/2020,26035,Imuris,0,0
20/04/2020,26035,Imuris,0,0
21/04/2020,26035,Imuris,0,0
22/04/2020,26035,Imuris,0,0
23/04/2020,26035,Imuris,0,0
24/04/2020,26035,Imuris,0,0
25/04/2020,26035,Imuris,0,0
26/04/2020,26035,Imuris,0,0
27/04/2020,26035,Imuris,0,0
28/04/2020,26035,Imuris,0,0
29/04/2020,26035,Imuris,0,0
30/04/2020,26035,Imuris,0,0
01/05/2020,26035,Imuris,0,0
02/05/2020,26035,Imuris,0,0
03/05/2020,26035,Imuris,0,0
04/05/2020,26035,Imuris,1,1
05/05/2020,26035,Imuris,1,0
06/05/2020,26035,Imuris,1,0
07/05/2020,26035,Imuris,1,0
08/05/2020,26035,Imuris,1,0
09/05/2020,26035,Imuris,1,0
10/05/2020,26035,Imuris,1,0
11/05/2020,26035,Imuris,1,0
12/05/2020,26035,Imuris,1,0
13/05/2020,26035,Imuris,1,0
14/05/2020,26035,Imuris,1,0
15/05/2020,26035,Imuris,1,0
16/05/2020,26035,Imuris,1,0
17/05/2020,26035,Imuris,1,0
18/05/2020,26035,Imuris,1,0
19/05/2020,26035,Imuris,1,0
20/05/2020,26035,Imuris,1,0
21/05/2020,26035,Imuris,1,0
22/05/2020,26035,Imuris,1,0
23/05/2020,26035,Imuris,1,0
24/05/2020,26035,Imuris,1,0
25/05/2020,26035,Imuris,1,0
26/05/2020,26035,Imuris,1,0
27/05/2020,26035,Imuris,1,0
28/05/2020,26035,Imuris,1,0
29/05/2020,26035,Imuris,1,0
30/05/2020,26035,Imuris,1,0
31/05/2020,26035,Imuris,1,0
01/06/2020,26035,Imuris,1,0
02/06/2020,26035,Imuris,1,0
03/06/2020,26035,Imuris,1,0
04/06/2020,26035,Imuris,1,0
05/06/2020,26035,Imuris,1,0
06/06/2020,26035,Imuris,1,0
07/06/2020,26035,Imuris,1,0
08/06/2020,26035,Imuris,1,0
09/06/2020,26035,Imuris,1,0
10/06/2020,26035,Imuris,1,0
11/06/2020,26035,Imuris,1,0
12/06/2020,26035,Imuris,1,0
13/06/2020,26035,Imuris,1,0
14/06/2020,26035,Imuris,1,0
15/06/2020,26035,Imuris,1,0
16/06/2020,26035,Imuris,1,0
17/06/2020,26035,Imuris,1,0
18/06/2020,26035,Imuris,1,0
19/06/2020,26035,Imuris,1,0
20/06/2020,26035,Imuris,1,0
21/06/2020,26035,Imuris,1,0
22/06/2020,26035,Imuris,1,0
23/06/2020,26035,Imuris,2,1
24/06/2020,26035,Imuris,2,0
25/06/2020,26035,Imuris,2,0
26/06/2020,26035,Imuris,2,0
27/06/2020,26035,Imuris,2,0
28/06/2020,26035,Imuris,2,0
29/06/2020,26035,Imuris,2,0
04/04/2020,26036,Magdalena,1,1
05/04/2020,26036,Magdalena,1,0
06/04/2020,26036,Magdalena,2,1
07/04/2020,26036,Magdalena,2,0
08/04/2020,26036,Magdalena,2,0
09/04/2020,26036,Magdalena,2,0
10/04/2020,26036,Magdalena,2,0
11/04/2020,26036,Magdalena,2,0
12/04/2020,26036,Magdalena,3,1
13/04/2020,26036,Magdalena,3,0
14/04/2020,26036,Magdalena,3,0
15/04/2020,26036,Magdalena,3,0
16/04/2020,26036,Magdalena,3,0
17/04/2020,26036,Magdalena,3,0
18/04/2020,26036,Magdalena,3,0
19/04/2020,26036,Magdalena,3,0
20/04/2020,26036,Magdalena,3,0
21/04/2020,26036,Magdalena,3,0
22/04/2020,26036,Magdalena,3,0
23/04/2020,26036,Magdalena,3,0
24/04/2020,26036,Magdalena,3,0
25/04/2020,26036,Magdalena,3,0
26/04/2020,26036,Magdalena,3,0
27/04/2020,26036,Magdalena,3,0
28/04/2020,26036,Magdalena,3,0
29/04/2020,26036,Magdalena,3,0
30/04/2020,26036,Magdalena,3,0
01/05/2020,26036,Magdalena,3,0
02/05/2020,26036,Magdalena,3,0
03/05/2020,26036,Magdalena,3,0
04/05/2020,26036,Magdalena,3,0
05/05/2020,26036,Magdalena,3,0
06/05/2020,26036,Magdalena,3,0
07/05/2020,26036,Magdalena,3,0
08/05/2020,26036,Magdalena,3,0
09/05/2020,26036,Magdalena,3,0
10/05/2020,26036,Magdalena,3,0
11/05/2020,26036,Magdalena,3,0
12/05/2020,26036,Magdalena,3,0
13/05/2020,26036,Magdalena,3,0
14/05/2020,26036,Magdalena,3,0
15/05/2020,26036,Magdalena,3,0
16/05/2020,26036,Magdalena,3,0
17/05/2020,26036,Magdalena,3,0
18/05/2020,26036,Magdalena,3,0
19/05/2020,26036,Magdalena,3,0
20/05/2020,26036,Magdalena,3,0
21/05/2020,26036,Magdalena,3,0
22/05/2020,26036,Magdalena,3,0
23/05/2020,26036,Magdalena,3,0
24/05/2020,26036,Magdalena,3,0
25/05/2020,26036,Magdalena,3,0
26/05/2020,26036,Magdalena,4,1
27/05/2020,26036,Magdalena,4,0
28/05/2020,26036,Magdalena,4,0
29/05/2020,26036,Magdalena,4,0
30/05/2020,26036,Magdalena,4,0
31/05/2020,26036,Magdalena,4,0
01/06/2020,26036,Magdalena,4,0
02/06/2020,26036,Magdalena,4,0
03/06/2020,26036,Magdalena,4,0
04/06/2020,26036,Magdalena,4,0
05/06/2020,26036,Magdalena,4,0
06/06/2020,26036,Magdalena,4,0
07/06/2020,26036,Magdalena,4,0
08/06/2020,26036,Magdalena,5,1
09/06/2020,26036,Magdalena,6,1
10/06/2020,26036,Magdalena,6,0
11/06/2020,26036,Magdalena,7,1
12/06/2020,26036,Magdalena,7,0
13/06/2020,26036,Magdalena,7,0
14/06/2020,26036,Magdalena,7,0
15/06/2020,26036,Magdalena,8,1
16/06/2020,26036,Magdalena,8,0
17/06/2020,26036,Magdalena,8,0
18/06/2020,26036,Magdalena,8,0
19/06/2020,26036,Magdalena,8,0
20/06/2020,26036,Magdalena,10,2
21/06/2020,26036,Magdalena,10,0
22/06/2020,26036,Magdalena,10,0
23/06/2020,26036,Magdalena,11,1
24/06/2020,26036,Magdalena,11,0
25/06/2020,26036,Magdalena,11,0
26/06/2020,26036,Magdalena,11,0
27/06/2020,26036,Magdalena,11,0
28/06/2020,26036,Magdalena,11,0
29/06/2020,26036,Magdalena,11,0
04/04/2020,26038,Moctezuma,0,0
05/04/2020,26038,Moctezuma,0,0
06/04/2020,26038,Moctezuma,0,0
07/04/2020,26038,Moctezuma,0,0
08/04/2020,26038,Moctezuma,0,0
09/04/2020,26038,Moctezuma,0,0
10/04/2020,26038,Moctezuma,0,0
11/04/2020,26038,Moctezuma,0,0
12/04/2020,26038,Moctezuma,0,0
13/04/2020,26038,Moctezuma,0,0
14/04/2020,26038,Moctezuma,0,0
15/04/2020,26038,Moctezuma,0,0
16/04/2020,26038,Moctezuma,0,0
17/04/2020,26038,Moctezuma,0,0
18/04/2020,26038,Moctezuma,0,0
19/04/2020,26038,Moctezuma,0,0
20/04/2020,26038,Moctezuma,0,0
21/04/2020,26038,Moctezuma,0,0
22/04/2020,26038,Moctezuma,0,0
23/04/2020,26038,Moctezuma,0,0
24/04/2020,26038,Moctezuma,0,0
25/04/2020,26038,Moctezuma,0,0
26/04/2020,26038,Moctezuma,0,0
27/04/2020,26038,Moctezuma,0,0
28/04/2020,26038,Moctezuma,0,0
29/04/2020,26038,Moctezuma,0,0
30/04/2020,26038,Moctezuma,0,0
01/05/2020,26038,Moctezuma,0,0
02/05/2020,26038,Moctezuma,0,0
03/05/2020,26038,Moctezuma,0,0
04/05/2020,26038,Moctezuma,0,0
05/05/2020,26038,Moctezuma,0,0
06/05/2020,26038,Moctezuma,0,0
07/05/2020,26038,Moctezuma,0,0
08/05/2020,26038,Moctezuma,0,0
09/05/2020,26038,Moctezuma,0,0
10/05/2020,26038,Moctezuma,0,0
11/05/2020,26038,Moctezuma,0,0
12/05/2020,26038,Moctezuma,0,0
13/05/2020,26038,Moctezuma,0,0
14/05/2020,26038,Moctezuma,0,0
15/05/2020,26038,Moctezuma,0,0
16/05/2020,26038,Moctezuma,0,0
17/05/2020,26038,Moctezuma,0,0
18/05/2020,26038,Moctezuma,0,0
19/05/2020,26038,Moctezuma,0,0
20/05/2020,26038,Moctezuma,0,0
21/05/2020,26038,Moctezuma,0,0
22/05/2020,26038,Moctezuma,0,0
23/05/2020,26038,Moctezuma,0,0
24/05/2020,26038,Moctezuma,0,0
25/05/2020,26038,Moctezuma,0,0
26/05/2020,26038,Moctezuma,0,0
27/05/2020,26038,Moctezuma,0,0
28/05/2020,26038,Moctezuma,0,0
29/05/2020,26038,Moctezuma,0,0
30/05/2020,26038,Moctezuma,0,0
31/05/2020,26038,Moctezuma,0,0
01/06/2020,26038,Moctezuma,0,0
02/06/2020,26038,Moctezuma,0,0
03/06/2020,26038,Moctezuma,0,0
04/06/2020,26038,Moctezuma,0,0
05/06/2020,26038,Moctezuma,0,0
06/06/2020,26038,Moctezuma,0,0
07/06/2020,26038,Moctezuma,0,0
08/06/2020,26038,Moctezuma,0,0
09/06/2020,26038,Moctezuma,0,0
10/06/2020,26038,Moctezuma,0,0
11/06/2020,26038,Moctezuma,0,0
12/06/2020,26038,Moctezuma,0,0
13/06/2020,26038,Moctezuma,0,0
14/06/2020,26038,Moctezuma,0,0
15/06/2020,26038,Moctezuma,0,0
16/06/2020,26038,Moctezuma,0,0
17/06/2020,26038,Moctezuma,0,0
18/06/2020,26038,Moctezuma,0,0
19/06/2020,26038,Moctezuma,0,0
20/06/2020,26038,Moctezuma,0,0
21/06/2020,26038,Moctezuma,0,0
22/06/2020,26038,Moctezuma,0,0
23/06/2020,26038,Moctezuma,0,0
24/06/2020,26038,Moctezuma,1,1
25/06/2020,26038,Moctezuma,1,0
26/06/2020,26038,Moctezuma,1,0
27/06/2020,26038,Moctezuma,1,0
28/06/2020,26038,Moctezuma,1,0
29/06/2020,26038,Moctezuma,1,0
04/04/2020,26042,Navojoa,0,0
05/04/2020,26042,Navojoa,0,0
06/04/2020,26042,Navojoa,0,0
07/04/2020,26042,Navojoa,0,0
08/04/2020,26042,Navojoa,0,0
09/04/2020,26042,Navojoa,0,0
10/04/2020,26042,Navojoa,0,0
11/04/2020,26042,Navojoa,0,0
12/04/2020,26042,Navojoa,0,0
13/04/2020,26042,Navojoa,0,0
14/04/2020,26042,Navojoa,0,0
15/04/2020,26042,Navojoa,0,0
16/04/2020,26042,Navojoa,0,0
17/04/2020,26042,Navojoa,0,0
18/04/2020,26042,Navojoa,0,0
19/04/2020,26042,Navojoa,0,0
20/04/2020,26042,Navojoa,0,0
21/04/2020,26042,Navojoa,0,0
22/04/2020,26042,Navojoa,0,0
23/04/2020,26042,Navojoa,0,0
24/04/2020,26042,Navojoa,0,0
25/04/2020,26042,Navojoa,0,0
26/04/2020,26042,Navojoa,0,0
27/04/2020,26042,Navojoa,0,0
28/04/2020,26042,Navojoa,0,0
29/04/2020,26042,Navojoa,0,0
30/04/2020,26042,Navojoa,0,0
01/05/2020,26042,Navojoa,0,0
02/05/2020,26042,Navojoa,0,0
03/05/2020,26042,Navojoa,0,0
04/05/2020,26042,Navojoa,0,0
05/05/2020,26042,Navojoa,0,0
06/05/2020,26042,Navojoa,0,0
07/05/2020,26042,Navojoa,0,0
08/05/2020,26042,Navojoa,0,0
09/05/2020,26042,Navojoa,0,0
10/05/2020,26042,Navojoa,1,1
11/05/2020,26042,Navojoa,1,0
12/05/2020,26042,Navojoa,1,0
13/05/2020,26042,Navojoa,1,0
14/05/2020,26042,Navojoa,1,0
15/05/2020,26042,Navojoa,1,0
16/05/2020,26042,Navojoa,1,0
17/05/2020,26042,Navojoa,3,2
18/05/2020,26042,Navojoa,3,0
19/05/2020,26042,Navojoa,4,1
20/05/2020,26042,Navojoa,4,0
21/05/2020,26042,Navojoa,4,0
22/05/2020,26042,Navojoa,4,0
23/05/2020,26042,Navojoa,5,1
24/05/2020,26042,Navojoa,6,1
25/05/2020,26042,Navojoa,6,0
26/05/2020,26042,Navojoa,8,2
27/05/2020,26042,Navojoa,10,2
28/05/2020,26042,Navojoa,10,0
29/05/2020,26042,Navojoa,10,0
30/05/2020,26042,Navojoa,11,1
31/05/2020,26042,Navojoa,12,1
01/06/2020,26042,Navojoa,14,2
02/06/2020,26042,Navojoa,17,3
03/06/2020,26042,Navojoa,19,2
04/06/2020,26042,Navojoa,21,2
05/06/2020,26042,Navojoa,21,0
06/06/2020,26042,Navojoa,21,0
07/06/2020,26042,Navojoa,24,3
08/06/2020,26042,Navojoa,25,1
09/06/2020,26042,Navojoa,26,1
10/06/2020,26042,Navojoa,27,1
11/06/2020,26042,Navojoa,29,2
12/06/2020,26042,Navojoa,29,0
13/06/2020,26042,Navojoa,31,2
14/06/2020,26042,Navojoa,35,4
15/06/2020,26042,Navojoa,35,0
16/06/2020,26042,Navojoa,35,0
17/06/2020,26042,Navojoa,35,0
18/06/2020,26042,Navojoa,39,4
19/06/2020,26042,Navojoa,42,3
20/06/2020,26042,Navojoa,45,3
21/06/2020,26042,Navojoa,46,1
22/06/2020,26042,Navojoa,47,1
23/06/2020,26042,Navojoa,47,0
24/06/2020,26042,Navojoa,51,4
25/06/2020,26042,Navojoa,51,0
26/06/2020,26042,Navojoa,51,0
27/06/2020,26042,Navojoa,61,10
28/06/2020,26042,Navojoa,61,0
29/06/2020,26042,Navojoa,62,1
04/04/2020,26043,Nogales,0,0
05/04/2020,26043,Nogales,0,0
06/04/2020,26043,Nogales,0,0
07/04/2020,26043,Nogales,0,0
08/04/2020,26043,Nogales,0,0
09/04/2020,26043,Nogales,0,0
10/04/2020,26043,Nogales,0,0
11/04/2020,26043,Nogales,0,0
12/04/2020,26043,Nogales,1,1
13/04/2020,26043,Nogales,1,0
14/04/2020,26043,Nogales,1,0
15/04/2020,26043,Nogales,1,0
16/04/2020,26043,Nogales,1,0
17/04/2020,26043,Nogales,1,0
18/04/2020,26043,Nogales,1,0
19/04/2020,26043,Nogales,1,0
20/04/2020,26043,Nogales,2,1
21/04/2020,26043,Nogales,2,0
22/04/2020,26043,Nogales,2,0
23/04/2020,26043,Nogales,2,0
24/04/2020,26043,Nogales,2,0
25/04/2020,26043,Nogales,2,0
26/04/2020,26043,Nogales,2,0
27/04/2020,26043,Nogales,2,0
28/04/2020,26043,Nogales,2,0
29/04/2020,26043,Nogales,2,0
30/04/2020,26043,Nogales,3,1
01/05/2020,26043,Nogales,3,0
02/05/2020,26043,Nogales,3,0
03/05/2020,26043,Nogales,3,0
04/05/2020,26043,Nogales,4,1
05/05/2020,26043,Nogales,4,0
06/05/2020,26043,Nogales,5,1
07/05/2020,26043,Nogales,5,0
08/05/2020,26043,Nogales,5,0
09/05/2020,26043,Nogales,5,0
10/05/2020,26043,Nogales,5,0
11/05/2020,26043,Nogales,5,0
12/05/2020,26043,Nogales,5,0
13/05/2020,26043,Nogales,5,0
14/05/2020,26043,Nogales,5,0
15/05/2020,26043,Nogales,5,0
16/05/2020,26043,Nogales,5,0
17/05/2020,26043,Nogales,5,0
18/05/2020,26043,Nogales,6,1
19/05/2020,26043,Nogales,6,0
20/05/2020,26043,Nogales,7,1
21/05/2020,26043,Nogales,8,1
22/05/2020,26043,Nogales,8,0
23/05/2020,26043,Nogales,12,4
24/05/2020,26043,Nogales,13,1
25/05/2020,26043,Nogales,13,0
26/05/2020,26043,Nogales,14,1
27/05/2020,26043,Nogales,16,2
28/05/2020,26043,Nogales,19,3
29/05/2020,26043,Nogales,20,1
30/05/2020,26043,Nogales,20,0
31/05/2020,26043,Nogales,23,3
01/06/2020,26043,Nogales,23,0
02/06/2020,26043,Nogales,29,6
03/06/2020,26043,Nogales,31,2
04/06/2020,26043,Nogales,33,2
05/06/2020,26043,Nogales,36,3
06/06/2020,26043,Nogales,36,0
07/06/2020,26043,Nogales,36,0
08/06/2020,26043,Nogales,39,3
09/06/2020,26043,Nogales,42,3
10/06/2020,26043,Nogales,45,3
11/06/2020,26043,Nogales,50,5
12/06/2020,26043,Nogales,60,10
13/06/2020,26043,Nogales,60,0
14/06/2020,26043,Nogales,60,0
15/06/2020,26043,Nogales,64,4
16/06/2020,26043,Nogales,68,4
17/06/2020,26043,Nogales,72,4
18/06/2020,26043,Nogales,72,0
19/06/2020,26043,Nogales,75,3
20/06/2020,26043,Nogales,76,1
21/06/2020,26043,Nogales,76,0
22/06/2020,26043,Nogales,78,2
23/06/2020,26043,Nogales,81,3
24/06/2020,26043,Nogales,86,5
25/06/2020,26043,Nogales,90,4
26/06/2020,26043,Nogales,100,10
27/06/2020,26043,Nogales,103,3
28/06/2020,26043,Nogales,104,1
29/06/2020,26043,Nogales,107,3
04/04/2020,26045,Opodepe,0,0
05/04/2020,26045,Opodepe,0,0
06/04/2020,26045,Opodepe,0,0
07/04/2020,26045,Opodepe,0,0
08/04/2020,26045,Opodepe,0,0
09/04/2020,26045,Opodepe,0,0
10/04/2020,26045,Opodepe,0,0
11/04/2020,26045,Opodepe,0,0
12/04/2020,26045,Opodepe,0,0
13/04/2020,26045,Opodepe,0,0
14/04/2020,26045,Opodepe,0,0
15/04/2020,26045,Opodepe,0,0
16/04/2020,26045,Opodepe,0,0
17/04/2020,26045,Opodepe,0,0
18/04/2020,26045,Opodepe,0,0
19/04/2020,26045,Opodepe,0,0
20/04/2020,26045,Opodepe,0,0
21/04/2020,26045,Opodepe,0,0
22/04/2020,26045,Opodepe,1,1
23/04/2020,26045,Opodepe,1,0
24/04/2020,26045,Opodepe,1,0
25/04/2020,26045,Opodepe,1,0
26/04/2020,26045,Opodepe,1,0
27/04/2020,26045,Opodepe,1,0
28/04/2020,26045,Opodepe,1,0
29/04/2020,26045,Opodepe,1,0
30/04/2020,26045,Opodepe,1,0
01/05/2020,26045,Opodepe,1,0
02/05/2020,26045,Opodepe,1,0
03/05/2020,26045,Opodepe,1,0
04/05/2020,26045,Opodepe,1,0
05/05/2020,26045,Opodepe,1,0
06/05/2020,26045,Opodepe,1,0
07/05/2020,26045,Opodepe,1,0
08/05/2020,26045,Opodepe,1,0
09/05/2020,26045,Opodepe,1,0
10/05/2020,26045,Opodepe,1,0
11/05/2020,26045,Opodepe,1,0
12/05/2020,26045,Opodepe,1,0
13/05/2020,26045,Opodepe,1,0
14/05/2020,26045,Opodepe,1,0
15/05/2020,26045,Opodepe,1,0
16/05/2020,26045,Opodepe,1,0
17/05/2020,26045,Opodepe,1,0
18/05/2020,26045,Opodepe,1,0
19/05/2020,26045,Opodepe,1,0
20/05/2020,26045,Opodepe,1,0
21/05/2020,26045,Opodepe,1,0
22/05/2020,26045,Opodepe,1,0
23/05/2020,26045,Opodepe,1,0
24/05/2020,26045,Opodepe,1,0
25/05/2020,26045,Opodepe,1,0
26/05/2020,26045,Opodepe,1,0
27/05/2020,26045,Opodepe,1,0
28/05/2020,26045,Opodepe,1,0
29/05/2020,26045,Opodepe,1,0
30/05/2020,26045,Opodepe,1,0
31/05/2020,26045,Opodepe,1,0
01/06/2020,26045,Opodepe,1,0
02/06/2020,26045,Opodepe,1,0
03/06/2020,26045,Opodepe,1,0
04/06/2020,26045,Opodepe,1,0
05/06/2020,26045,Opodepe,1,0
06/06/2020,26045,Opodepe,1,0
07/06/2020,26045,Opodepe,1,0
08/06/2020,26045,Opodepe,1,0
09/06/2020,26045,Opodepe,1,0
10/06/2020,26045,Opodepe,1,0
11/06/2020,26045,Opodepe,1,0
12/06/2020,26045,Opodepe,1,0
13/06/2020,26045,Opodepe,1,0
14/06/2020,26045,Opodepe,1,0
15/06/2020,26045,Opodepe,1,0
16/06/2020,26045,Opodepe,1,0
17/06/2020,26045,Opodepe,1,0
18/06/2020,26045,Opodepe,1,0
19/06/2020,26045,Opodepe,1,0
20/06/2020,26045,Opodepe,1,0
21/06/2020,26045,Opodepe,1,0
22/06/2020,26045,Opodepe,1,0
23/06/2020,26045,Opodepe,1,0
24/06/2020,26045,Opodepe,1,0
25/06/2020,26045,Opodepe,1,0
26/06/2020,26045,Opodepe,1,0
27/06/2020,26045,Opodepe,1,0
28/06/2020,26045,Opodepe,1,0
29/06/2020,26045,Opodepe,1,0
04/04/2020,26047,Pitiquito,0,0
05/04/2020,26047,Pitiquito,0,0
06/04/2020,26047,Pitiquito,0,0
07/04/2020,26047,Pitiquito,0,0
08/04/2020,26047,Pitiquito,0,0
09/04/2020,26047,Pitiquito,0,0
10/04/2020,26047,Pitiquito,0,0
11/04/2020,26047,Pitiquito,0,0
12/04/2020,26047,Pitiquito,0,0
13/04/2020,26047,Pitiquito,0,0
14/04/2020,26047,Pitiquito,0,0
15/04/2020,26047,Pitiquito,0,0
16/04/2020,26047,Pitiquito,0,0
17/04/2020,26047,Pitiquito,0,0
18/04/2020,26047,Pitiquito,0,0
19/04/2020,26047,Pitiquito,0,0
20/04/2020,26047,Pitiquito,0,0
21/04/2020,26047,Pitiquito,0,0
22/04/2020,26047,Pitiquito,0,0
23/04/2020,26047,Pitiquito,0,0
24/04/2020,26047,Pitiquito,0,0
25/04/2020,26047,Pitiquito,0,0
26/04/2020,26047,Pitiquito,0,0
27/04/2020,26047,Pitiquito,0,0
28/04/2020,26047,Pitiquito,0,0
29/04/2020,26047,Pitiquito,0,0
30/04/2020,26047,Pitiquito,0,0
01/05/2020,26047,Pitiquito,0,0
02/05/2020,26047,Pitiquito,0,0
03/05/2020,26047,Pitiquito,0,0
04/05/2020,26047,Pitiquito,0,0
05/05/2020,26047,Pitiquito,0,0
06/05/2020,26047,Pitiquito,0,0
07/05/2020,26047,Pitiquito,0,0
08/05/2020,26047,Pitiquito,0,0
09/05/2020,26047,Pitiquito,0,0
10/05/2020,26047,Pitiquito,0,0
11/05/2020,26047,Pitiquito,0,0
12/05/2020,26047,Pitiquito,0,0
13/05/2020,26047,Pitiquito,0,0
14/05/2020,26047,Pitiquito,0,0
15/05/2020,26047,Pitiquito,0,0
16/05/2020,26047,Pitiquito,0,0
17/05/2020,26047,Pitiquito,0,0
18/05/2020,26047,Pitiquito,0,0
19/05/2020,26047,Pitiquito,0,0
20/05/2020,26047,Pitiquito,0,0
21/05/2020,26047,Pitiquito,0,0
22/05/2020,26047,Pitiquito,0,0
23/05/2020,26047,Pitiquito,0,0
24/05/2020,26047,Pitiquito,0,0
25/05/2020,26047,Pitiquito,0,0
26/05/2020,26047,Pitiquito,0,0
27/05/2020,26047,Pitiquito,0,0
28/05/2020,26047,Pitiquito,0,0
29/05/2020,26047,Pitiquito,0,0
30/05/2020,26047,Pitiquito,0,0
31/05/2020,26047,Pitiquito,0,0
01/06/2020,26047,Pitiquito,0,0
02/06/2020,26047,Pitiquito,0,0
03/06/2020,26047,Pitiquito,0,0
04/06/2020,26047,Pitiquito,0,0
05/06/2020,26047,Pitiquito,0,0
06/06/2020,26047,Pitiquito,0,0
07/06/2020,26047,Pitiquito,0,0
08/06/2020,26047,Pitiquito,0,0
09/06/2020,26047,Pitiquito,0,0
10/06/2020,26047,Pitiquito,0,0
11/06/2020,26047,Pitiquito,0,0
12/06/2020,26047,Pitiquito,0,0
13/06/2020,26047,Pitiquito,0,0
14/06/2020,26047,Pitiquito,0,0
15/06/2020,26047,Pitiquito,0,0
16/06/2020,26047,Pitiquito,0,0
17/06/2020,26047,Pitiquito,0,0
18/06/2020,26047,Pitiquito,0,0
19/06/2020,26047,Pitiquito,0,0
20/06/2020,26047,Pitiquito,0,0
21/06/2020,26047,Pitiquito,0,0
22/06/2020,26047,Pitiquito,0,0
23/06/2020,26047,Pitiquito,0,0
24/06/2020,26047,Pitiquito,1,1
25/06/2020,26047,Pitiquito,1,0
26/06/2020,26047,Pitiquito,1,0
27/06/2020,26047,Pitiquito,1,0
28/06/2020,26047,Pitiquito,1,0
29/06/2020,26047,Pitiquito,1,0
04/04/2020,26048,Puerto Peñasco,0,0
05/04/2020,26048,Puerto Peñasco,0,0
06/04/2020,26048,Puerto Peñasco,0,0
07/04/2020,26048,Puerto Peñasco,0,0
08/04/2020,26048,Puerto Peñasco,0,0
09/04/2020,26048,Puerto Peñasco,0,0
10/04/2020,26048,Puerto Peñasco,0,0
11/04/2020,26048,Puerto Peñasco,0,0
12/04/2020,26048,Puerto Peñasco,0,0
13/04/2020,26048,Puerto Peñasco,0,0
14/04/2020,26048,Puerto Peñasco,0,0
15/04/2020,26048,Puerto Peñasco,0,0
16/04/2020,26048,Puerto Peñasco,0,0
17/04/2020,26048,Puerto Peñasco,0,0
18/04/2020,26048,Puerto Peñasco,0,0
19/04/2020,26048,Puerto Peñasco,0,0
20/04/2020,26048,Puerto Peñasco,0,0
21/04/2020,26048,Puerto Peñasco,0,0
22/04/2020,26048,Puerto Peñasco,0,0
23/04/2020,26048,Puerto Peñasco,0,0
24/04/2020,26048,Puerto Peñasco,0,0
25/04/2020,26048,Puerto Peñasco,0,0
26/04/2020,26048,Puerto Peñasco,0,0
27/04/2020,26048,Puerto Peñasco,0,0
28/04/2020,26048,Puerto Peñasco,0,0
29/04/2020,26048,Puerto Peñasco,0,0
30/04/2020,26048,Puerto Peñasco,0,0
01/05/2020,26048,Puerto Peñasco,0,0
02/05/2020,26048,Puerto Peñasco,0,0
03/05/2020,26048,Puerto Peñasco,0,0
04/05/2020,26048,Puerto Peñasco,0,0
05/05/2020,26048,Puerto Peñasco,0,0
06/05/2020,26048,Puerto Peñasco,0,0
07/05/2020,26048,Puerto Peñasco,0,0
08/05/2020,26048,Puerto Peñasco,0,0
09/05/2020,26048,Puerto Peñasco,0,0
10/05/2020,26048,Puerto Peñasco,0,0
11/05/2020,26048,Puerto Peñasco,0,0
12/05/2020,26048,Puerto Peñasco,0,0
13/05/2020,26048,Puerto Peñasco,0,0
14/05/2020,26048,Puerto Peñasco,0,0
15/05/2020,26048,Puerto Peñasco,0,0
16/05/2020,26048,Puerto Peñasco,0,0
17/05/2020,26048,Puerto Peñasco,0,0
18/05/2020,26048,Puerto Peñasco,0,0
19/05/2020,26048,Puerto Peñasco,0,0
20/05/2020,26048,Puerto Peñasco,0,0
21/05/2020,26048,Puerto Peñasco,0,0
22/05/2020,26048,Puerto Peñasco,0,0
23/05/2020,26048,Puerto Peñasco,0,0
24/05/2020,26048,Puerto Peñasco,0,0
25/05/2020,26048,Puerto Peñasco,0,0
26/05/2020,26048,Puerto Peñasco,0,0
27/05/2020,26048,Puerto Peñasco,0,0
28/05/2020,26048,Puerto Peñasco,0,0
29/05/2020,26048,Puerto Peñasco,0,0
30/05/2020,26048,Puerto Peñasco,0,0
31/05/2020,26048,Puerto Peñasco,0,0
01/06/2020,26048,Puerto Peñasco,1,1
02/06/2020,26048,Puerto Peñasco,1,0
03/06/2020,26048,Puerto Peñasco,1,0
04/06/2020,26048,Puerto Peñasco,1,0
05/06/2020,26048,Puerto Peñasco,1,0
06/06/2020,26048,Puerto Peñasco,1,0
07/06/2020,26048,Puerto Peñasco,1,0
08/06/2020,26048,Puerto Peñasco,1,0
09/06/2020,26048,Puerto Peñasco,1,0
10/06/2020,26048,Puerto Peñasco,1,0
11/06/2020,26048,Puerto Peñasco,1,0
12/06/2020,26048,Puerto Peñasco,1,0
13/06/2020,26048,Puerto Peñasco,1,0
14/06/2020,26048,Puerto Peñasco,1,0
15/06/2020,26048,Puerto Peñasco,1,0
16/06/2020,26048,Puerto Peñasco,1,0
17/06/2020,26048,Puerto Peñasco,1,0
18/06/2020,26048,Puerto Peñasco,1,0
19/06/2020,26048,Puerto Peñasco,1,0
20/06/2020,26048,Puerto Peñasco,1,0
21/06/2020,26048,Puerto Peñasco,1,0
22/06/2020,26048,Puerto Peñasco,1,0
23/06/2020,26048,Puerto Peñasco,1,0
24/06/2020,26048,Puerto Peñasco,1,0
25/06/2020,26048,Puerto Peñasco,1,0
26/06/2020,26048,Puerto Peñasco,1,0
27/06/2020,26048,Puerto Peñasco,1,0
28/06/2020,26048,Puerto Peñasco,1,0
29/06/2020,26048,Puerto Peñasco,1,0
04/04/2020,26052,Sahuaripa,0,0
05/04/2020,26052,Sahuaripa,0,0
06/04/2020,26052,Sahuaripa,0,0
07/04/2020,26052,Sahuaripa,0,0
08/04/2020,26052,Sahuaripa,0,0
09/04/2020,26052,Sahuaripa,0,0
10/04/2020,26052,Sahuaripa,0,0
11/04/2020,26052,Sahuaripa,0,0
12/04/2020,26052,Sahuaripa,0,0
13/04/2020,26052,Sahuaripa,0,0
14/04/2020,26052,Sahuaripa,0,0
15/04/2020,26052,Sahuaripa,0,0
16/04/2020,26052,Sahuaripa,0,0
17/04/2020,26052,Sahuaripa,0,0
18/04/2020,26052,Sahuaripa,0,0
19/04/2020,26052,Sahuaripa,0,0
20/04/2020,26052,Sahuaripa,0,0
21/04/2020,26052,Sahuaripa,0,0
22/04/2020,26052,Sahuaripa,0,0
23/04/2020,26052,Sahuaripa,0,0
24/04/2020,26052,Sahuaripa,0,0
25/04/2020,26052,Sahuaripa,0,0
26/04/2020,26052,Sahuaripa,0,0
27/04/2020,26052,Sahuaripa,0,0
28/04/2020,26052,Sahuaripa,0,0
29/04/2020,26052,Sahuaripa,0,0
30/04/2020,26052,Sahuaripa,0,0
01/05/2020,26052,Sahuaripa,0,0
02/05/2020,26052,Sahuaripa,0,0
03/05/2020,26052,Sahuaripa,0,0
04/05/2020,26052,Sahuaripa,0,0
05/05/2020,26052,Sahuaripa,0,0
06/05/2020,26052,Sahuaripa,0,0
07/05/2020,26052,Sahuaripa,0,0
08/05/2020,26052,Sahuaripa,0,0
09/05/2020,26052,Sahuaripa,0,0
10/05/2020,26052,Sahuaripa,0,0
11/05/2020,26052,Sahuaripa,0,0
12/05/2020,26052,Sahuaripa,0,0
13/05/2020,26052,Sahuaripa,0,0
14/05/2020,26052,Sahuaripa,0,0
15/05/2020,26052,Sahuaripa,0,0
16/05/2020,26052,Sahuaripa,0,0
17/05/2020,26052,Sahuaripa,0,0
18/05/2020,26052,Sahuaripa,0,0
19/05/2020,26052,Sahuaripa,0,0
20/05/2020,26052,Sahuaripa,0,0
21/05/2020,26052,Sahuaripa,0,0
22/05/2020,26052,Sahuaripa,0,0
23/05/2020,26052,Sahuaripa,0,0
24/05/2020,26052,Sahuaripa,0,0
25/05/2020,26052,Sahuaripa,0,0
26/05/2020,26052,Sahuaripa,0,0
27/05/2020,26052,Sahuaripa,0,0
28/05/2020,26052,Sahuaripa,0,0
29/05/2020,26052,Sahuaripa,0,0
30/05/2020,26052,Sahuaripa,0,0
31/05/2020,26052,Sahuaripa,0,0
01/06/2020,26052,Sahuaripa,0,0
02/06/2020,26052,Sahuaripa,0,0
03/06/2020,26052,Sahuaripa,0,0
04/06/2020,26052,Sahuaripa,0,0
05/06/2020,26052,Sahuaripa,0,0
06/06/2020,26052,Sahuaripa,0,0
07/06/2020,26052,Sahuaripa,0,0
08/06/2020,26052,Sahuaripa,0,0
09/06/2020,26052,Sahuaripa,0,0
10/06/2020,26052,Sahuaripa,0,0
11/06/2020,26052,Sahuaripa,0,0
12/06/2020,26052,Sahuaripa,0,0
13/06/2020,26052,Sahuaripa,0,0
14/06/2020,26052,Sahuaripa,0,0
15/06/2020,26052,Sahuaripa,0,0
16/06/2020,26052,Sahuaripa,1,1
17/06/2020,26052,Sahuaripa,1,0
18/06/2020,26052,Sahuaripa,1,0
19/06/2020,26052,Sahuaripa,1,0
20/06/2020,26052,Sahuaripa,1,0
21/06/2020,26052,Sahuaripa,1,0
22/06/2020,26052,Sahuaripa,1,0
23/06/2020,26052,Sahuaripa,1,0
24/06/2020,26052,Sahuaripa,2,1
25/06/2020,26052,Sahuaripa,2,0
26/06/2020,26052,Sahuaripa,2,0
27/06/2020,26052,Sahuaripa,2,0
28/06/2020,26052,Sahuaripa,2,0
29/06/2020,26052,Sahuaripa,2,0
04/04/2020,26072,San Ignacio Río Muerto,0,0
05/04/2020,26072,San Ignacio Río Muerto,0,0
06/04/2020,26072,San Ignacio Río Muerto,0,0
07/04/2020,26072,San Ignacio Río Muerto,0,0
08/04/2020,26072,San Ignacio Río Muerto,0,0
09/04/2020,26072,San Ignacio Río Muerto,0,0
10/04/2020,26072,San Ignacio Río Muerto,0,0
11/04/2020,26072,San Ignacio Río Muerto,0,0
12/04/2020,26072,San Ignacio Río Muerto,0,0
13/04/2020,26072,San Ignacio Río Muerto,0,0
14/04/2020,26072,San Ignacio Río Muerto,0,0
15/04/2020,26072,San Ignacio Río Muerto,0,0
16/04/2020,26072,San Ignacio Río Muerto,0,0
17/04/2020,26072,San Ignacio Río Muerto,0,0
18/04/2020,26072,San Ignacio Río Muerto,0,0
19/04/2020,26072,San Ignacio Río Muerto,0,0
20/04/2020,26072,San Ignacio Río Muerto,0,0
21/04/2020,26072,San Ignacio Río Muerto,0,0
22/04/2020,26072,San Ignacio Río Muerto,0,0
23/04/2020,26072,San Ignacio Río Muerto,0,0
24/04/2020,26072,San Ignacio Río Muerto,0,0
25/04/2020,26072,San Ignacio Río Muerto,0,0
26/04/2020,26072,San Ignacio Río Muerto,0,0
27/04/2020,26072,San Ignacio Río Muerto,0,0
28/04/2020,26072,San Ignacio Río Muerto,0,0
29/04/2020,26072,San Ignacio Río Muerto,0,0
30/04/2020,26072,San Ignacio Río Muerto,0,0
01/05/2020,26072,San Ignacio Río Muerto,0,0
02/05/2020,26072,San Ignacio Río Muerto,0,0
03/05/2020,26072,San Ignacio Río Muerto,0,0
04/05/2020,26072,San Ignacio Río Muerto,0,0
05/05/2020,26072,San Ignacio Río Muerto,0,0
06/05/2020,26072,San Ignacio Río Muerto,0,0
07/05/2020,26072,San Ignacio Río Muerto,0,0
08/05/2020,26072,San Ignacio Río Muerto,0,0
09/05/2020,26072,San Ignacio Río Muerto,0,0
10/05/2020,26072,San Ignacio Río Muerto,0,0
11/05/2020,26072,San Ignacio Río Muerto,0,0
12/05/2020,26072,San Ignacio Río Muerto,0,0
13/05/2020,26072,San Ignacio Río Muerto,0,0
14/05/2020,26072,San Ignacio Río Muerto,0,0
15/05/2020,26072,San Ignacio Río Muerto,0,0
16/05/2020,26072,San Ignacio Río Muerto,0,0
17/05/2020,26072,San Ignacio Río Muerto,0,0
18/05/2020,26072,San Ignacio Río Muerto,0,0
19/05/2020,26072,San Ignacio Río Muerto,0,0
20/05/2020,26072,San Ignacio Río Muerto,0,0
21/05/2020,26072,San Ignacio Río Muerto,0,0
22/05/2020,26072,San Ignacio Río Muerto,0,0
23/05/2020,26072,San Ignacio Río Muerto,0,0
24/05/2020,26072,San Ignacio Río Muerto,0,0
25/05/2020,26072,San Ignacio Río Muerto,0,0
26/05/2020,26072,San Ignacio Río Muerto,0,0
27/05/2020,26072,San Ignacio Río Muerto,0,0
28/05/2020,26072,San Ignacio Río Muerto,0,0
29/05/2020,26072,San Ignacio Río Muerto,0,0
30/05/2020,26072,San Ignacio Río Muerto,0,0
31/05/2020,26072,San Ignacio Río Muerto,0,0
01/06/2020,26072,San Ignacio Río Muerto,0,0
02/06/2020,26072,San Ignacio Río Muerto,0,0
03/06/2020,26072,San Ignacio Río Muerto,0,0
04/06/2020,26072,San Ignacio Río Muerto,0,0
05/06/2020,26072,San Ignacio Río Muerto,0,0
06/06/2020,26072,San Ignacio Río Muerto,0,0
07/06/2020,26072,San Ignacio Río Muerto,0,0
08/06/2020,26072,San Ignacio Río Muerto,0,0
09/06/2020,26072,San Ignacio Río Muerto,0,0
10/06/2020,26072,San Ignacio Río Muerto,0,0
11/06/2020,26072,San Ignacio Río Muerto,0,0
12/06/2020,26072,San Ignacio Río Muerto,0,0
13/06/2020,26072,San Ignacio Río Muerto,0,0
14/06/2020,26072,San Ignacio Río Muerto,1,1
15/06/2020,26072,San Ignacio Río Muerto,1,0
16/06/2020,26072,San Ignacio Río Muerto,1,0
17/06/2020,26072,San Ignacio Río Muerto,2,1
18/06/2020,26072,San Ignacio Río Muerto,2,0
19/06/2020,26072,San Ignacio Río Muerto,3,1
20/06/2020,26072,San Ignacio Río Muerto,3,0
21/06/2020,26072,San Ignacio Río Muerto,3,0
22/06/2020,26072,San Ignacio Río Muerto,3,0
23/06/2020,26072,San Ignacio Río Muerto,4,1
24/06/2020,26072,San Ignacio Río Muerto,4,0
25/06/2020,26072,San Ignacio Río Muerto,4,0
26/06/2020,26072,San Ignacio Río Muerto,4,0
27/06/2020,26072,San Ignacio Río Muerto,4,0
28/06/2020,26072,San Ignacio Río Muerto,4,0
29/06/2020,26072,San Ignacio Río Muerto,4,0
04/04/2020,26055,San Luis Río Colorado,0,0
05/04/2020,26055,San Luis Río Colorado,0,0
06/04/2020,26055,San Luis Río Colorado,2,2
07/04/2020,26055,San Luis Río Colorado,2,0
08/04/2020,26055,San Luis Río Colorado,2,0
09/04/2020,26055,San Luis Río Colorado,2,0
10/04/2020,26055,San Luis Río Colorado,2,0
11/04/2020,26055,San Luis Río Colorado,2,0
12/04/2020,26055,San Luis Río Colorado,2,0
13/04/2020,26055,San Luis Río Colorado,2,0
14/04/2020,26055,San Luis Río Colorado,2,0
15/04/2020,26055,San Luis Río Colorado,2,0
16/04/2020,26055,San Luis Río Colorado,4,2
17/04/2020,26055,San Luis Río Colorado,4,0
18/04/2020,26055,San Luis Río Colorado,4,0
19/04/2020,26055,San Luis Río Colorado,4,0
20/04/2020,26055,San Luis Río Colorado,4,0
21/04/2020,26055,San Luis Río Colorado,4,0
22/04/2020,26055,San Luis Río Colorado,6,2
23/04/2020,26055,San Luis Río Colorado,6,0
24/04/2020,26055,San Luis Río Colorado,7,1
25/04/2020,26055,San Luis Río Colorado,8,1
26/04/2020,26055,San Luis Río Colorado,8,0
27/04/2020,26055,San Luis Río Colorado,12,4
28/04/2020,26055,San Luis Río Colorado,12,0
29/04/2020,26055,San Luis Río Colorado,12,0
30/04/2020,26055,San Luis Río Colorado,13,1
01/05/2020,26055,San Luis Río Colorado,14,1
02/05/2020,26055,San Luis Río Colorado,14,0
03/05/2020,26055,San Luis Río Colorado,16,2
04/05/2020,26055,San Luis Río Colorado,18,2
05/05/2020,26055,San Luis Río Colorado,18,0
06/05/2020,26055,San Luis Río Colorado,19,1
07/05/2020,26055,San Luis Río Colorado,19,0
08/05/2020,26055,San Luis Río Colorado,19,0
09/05/2020,26055,San Luis Río Colorado,19,0
10/05/2020,26055,San Luis Río Colorado,19,0
11/05/2020,26055,San Luis Río Colorado,20,1
12/05/2020,26055,San Luis Río Colorado,21,1
13/05/2020,26055,San Luis Río Colorado,23,2
14/05/2020,26055,San Luis Río Colorado,23,0
15/05/2020,26055,San Luis Río Colorado,27,4
16/05/2020,26055,San Luis Río Colorado,28,1
17/05/2020,26055,San Luis Río Colorado,28,0
18/05/2020,26055,San Luis Río Colorado,31,3
19/05/2020,26055,San Luis Río Colorado,32,1
20/05/2020,26055,San Luis Río Colorado,32,0
21/05/2020,26055,San Luis Río Colorado,32,0
22/05/2020,26055,San Luis Río Colorado,32,0
23/05/2020,26055,San Luis Río Colorado,32,0
24/05/2020,26055,San Luis Río Colorado,39,7
25/05/2020,26055,San Luis Río Colorado,40,1
26/05/2020,26055,San Luis Río Colorado,41,1
27/05/2020,26055,San Luis Río Colorado,46,5
28/05/2020,26055,San Luis Río Colorado,48,2
29/05/2020,26055,San Luis Río Colorado,50,2
30/05/2020,26055,San Luis Río Colorado,50,0
31/05/2020,26055,San Luis Río Colorado,54,4
01/06/2020,26055,San Luis Río Colorado,59,5
02/06/2020,26055,San Luis Río Colorado,62,3
03/06/2020,26055,San Luis Río Colorado,67,5
04/06/2020,26055,San Luis Río Colorado,68,1
05/06/2020,26055,San Luis Río Colorado,73,5
06/06/2020,26055,San Luis Río Colorado,74,1
07/06/2020,26055,San Luis Río Colorado,74,0
08/06/2020,26055,San Luis Río Colorado,74,0
09/06/2020,26055,San Luis Río Colorado,75,1
10/06/2020,26055,San Luis Río Colorado,78,3
11/06/2020,26055,San Luis Río Colorado,82,4
12/06/2020,26055,San Luis Río Colorado,82,0
13/06/2020,26055,San Luis Río Colorado,82,0
14/06/2020,26055,San Luis Río Colorado,83,1
15/06/2020,26055,San Luis Río Colorado,84,1
16/06/2020,26055,San Luis Río Colorado,94,10
17/06/2020,26055,San Luis Río Colorado,99,5
18/06/2020,26055,San Luis Río Colorado,99,0
19/06/2020,26055,San Luis Río Colorado,99,0
20/06/2020,26055,San Luis Río Colorado,101,2
21/06/2020,26055,San Luis Río Colorado,101,0
22/06/2020,26055,San Luis Río Colorado,101,0
23/06/2020,26055,San Luis Río Colorado,101,0
24/06/2020,26055,San Luis Río Colorado,105,4
25/06/2020,26055,San Luis Río Colorado,107,2
26/06/2020,26055,San Luis Río Colorado,109,2
27/06/2020,26055,San Luis Río Colorado,113,4
28/06/2020,26055,San Luis Río Colorado,116,3
29/06/2020,26055,San Luis Río Colorado,119,3
04/04/2020,26056,San Miguel de Horcasitas,0,0
05/04/2020,26056,San Miguel de Horcasitas,0,0
06/04/2020,26056,San Miguel de Horcasitas,0,0
07/04/2020,26056,San Miguel de Horcasitas,0,0
08/04/2020,26056,San Miguel de Horcasitas,0,0
09/04/2020,26056,San Miguel de Horcasitas,0,0
10/04/2020,26056,San Miguel de Horcasitas,0,0
11/04/2020,26056,San Miguel de Horcasitas,0,0
12/04/2020,26056,San Miguel de Horcasitas,0,0
13/04/2020,26056,San Miguel de Horcasitas,0,0
14/04/2020,26056,San Miguel de Horcasitas,0,0
15/04/2020,26056,San Miguel de Horcasitas,0,0
16/04/2020,26056,San Miguel de Horcasitas,0,0
17/04/2020,26056,San Miguel de Horcasitas,0,0
18/04/2020,26056,San Miguel de Horcasitas,0,0
19/04/2020,26056,San Miguel de Horcasitas,0,0
20/04/2020,26056,San Miguel de Horcasitas,0,0
21/04/2020,26056,San Miguel de Horcasitas,0,0
22/04/2020,26056,San Miguel de Horcasitas,0,0
23/04/2020,26056,San Miguel de Horcasitas,0,0
24/04/2020,26056,San Miguel de Horcasitas,0,0
25/04/2020,26056,San Miguel de Horcasitas,0,0
26/04/2020,26056,San Miguel de Horcasitas,0,0
27/04/2020,26056,San Miguel de Horcasitas,0,0
28/04/2020,26056,San Miguel de Horcasitas,0,0
29/04/2020,26056,San Miguel de Horcasitas,0,0
30/04/2020,26056,San Miguel de Horcasitas,0,0
01/05/2020,26056,San Miguel de Horcasitas,0,0
02/05/2020,26056,San Miguel de Horcasitas,0,0
03/05/2020,26056,San Miguel de Horcasitas,0,0
04/05/2020,26056,San Miguel de Horcasitas,0,0
05/05/2020,26056,San Miguel de Horcasitas,0,0
06/05/2020,26056,San Miguel de Horcasitas,0,0
07/05/2020,26056,San Miguel de Horcasitas,0,0
08/05/2020,26056,San Miguel de Horcasitas,0,0
09/05/2020,26056,San Miguel de Horcasitas,0,0
10/05/2020,26056,San Miguel de Horcasitas,0,0
11/05/2020,26056,San Miguel de Horcasitas,0,0
12/05/2020,26056,San Miguel de Horcasitas,0,0
13/05/2020,26056,San Miguel de Horcasitas,0,0
14/05/2020,26056,San Miguel de Horcasitas,0,0
15/05/2020,26056,San Miguel de Horcasitas,0,0
16/05/2020,26056,San Miguel de Horcasitas,0,0
17/05/2020,26056,San Miguel de Horcasitas,0,0
18/05/2020,26056,San Miguel de Horcasitas,0,0
19/05/2020,26056,San Miguel de Horcasitas,0,0
20/05/2020,26056,San Miguel de Horcasitas,0,0
21/05/2020,26056,San Miguel de Horcasitas,0,0
22/05/2020,26056,San Miguel de Horcasitas,0,0
23/05/2020,26056,San Miguel de Horcasitas,0,0
24/05/2020,26056,San Miguel de Horcasitas,0,0
25/05/2020,26056,San Miguel de Horcasitas,0,0
26/05/2020,26056,San Miguel de Horcasitas,0,0
27/05/2020,26056,San Miguel de Horcasitas,0,0
28/05/2020,26056,San Miguel de Horcasitas,0,0
29/05/2020,26056,San Miguel de Horcasitas,0,0
30/05/2020,26056,San Miguel de Horcasitas,0,0
31/05/2020,26056,San Miguel de Horcasitas,0,0
01/06/2020,26056,San Miguel de Horcasitas,0,0
02/06/2020,26056,San Miguel de Horcasitas,0,0
03/06/2020,26056,San Miguel de Horcasitas,0,0
04/06/2020,26056,San Miguel de Horcasitas,0,0
05/06/2020,26056,San Miguel de Horcasitas,0,0
06/06/2020,26056,San Miguel de Horcasitas,0,0
07/06/2020,26056,San Miguel de Horcasitas,0,0
08/06/2020,26056,San Miguel de Horcasitas,0,0
09/06/2020,26056,San Miguel de Horcasitas,0,0
10/06/2020,26056,San Miguel de Horcasitas,0,0
11/06/2020,26056,San Miguel de Horcasitas,0,0
12/06/2020,26056,San Miguel de Horcasitas,0,0
13/06/2020,26056,San Miguel de Horcasitas,0,0
14/06/2020,26056,San Miguel de Horcasitas,0,0
15/06/2020,26056,San Miguel de Horcasitas,0,0
16/06/2020,26056,San Miguel de Horcasitas,1,1
17/06/2020,26056,San Miguel de Horcasitas,1,0
18/06/2020,26056,San Miguel de Horcasitas,1,0
19/06/2020,26056,San Miguel de Horcasitas,1,0
20/06/2020,26056,San Miguel de Horcasitas,1,0
21/06/2020,26056,San Miguel de Horcasitas,2,1
22/06/2020,26056,San Miguel de Horcasitas,2,0
23/06/2020,26056,San Miguel de Horcasitas,2,0
24/06/2020,26056,San Miguel de Horcasitas,2,0
25/06/2020,26056,San Miguel de Horcasitas,2,0
26/06/2020,26056,San Miguel de Horcasitas,2,0
27/06/2020,26056,San Miguel de Horcasitas,2,0
28/06/2020,26056,San Miguel de Horcasitas,2,0
29/06/2020,26056,San Miguel de Horcasitas,2,0
04/04/2020,26058,Santa Ana,0,0
05/04/2020,26058,Santa Ana,0,0
06/04/2020,26058,Santa Ana,0,0
07/04/2020,26058,Santa Ana,0,0
08/04/2020,26058,Santa Ana,0,0
09/04/2020,26058,Santa Ana,0,0
10/04/2020,26058,Santa Ana,0,0
11/04/2020,26058,Santa Ana,0,0
12/04/2020,26058,Santa Ana,0,0
13/04/2020,26058,Santa Ana,0,0
14/04/2020,26058,Santa Ana,0,0
15/04/2020,26058,Santa Ana,0,0
16/04/2020,26058,Santa Ana,0,0
17/04/2020,26058,Santa Ana,0,0
18/04/2020,26058,Santa Ana,0,0
19/04/2020,26058,Santa Ana,0,0
20/04/2020,26058,Santa Ana,0,0
21/04/2020,26058,Santa Ana,0,0
22/04/2020,26058,Santa Ana,0,0
23/04/2020,26058,Santa Ana,0,0
24/04/2020,26058,Santa Ana,0,0
25/04/2020,26058,Santa Ana,0,0
26/04/2020,26058,Santa Ana,0,0
27/04/2020,26058,Santa Ana,0,0
28/04/2020,26058,Santa Ana,0,0
29/04/2020,26058,Santa Ana,0,0
30/04/2020,26058,Santa Ana,0,0
01/05/2020,26058,Santa Ana,0,0
02/05/2020,26058,Santa Ana,0,0
03/05/2020,26058,Santa Ana,0,0
04/05/2020,26058,Santa Ana,0,0
05/05/2020,26058,Santa Ana,0,0
06/05/2020,26058,Santa Ana,0,0
07/05/2020,26058,Santa Ana,1,1
08/05/2020,26058,Santa Ana,1,0
09/05/2020,26058,Santa Ana,1,0
10/05/2020,26058,Santa Ana,1,0
11/05/2020,26058,Santa Ana,1,0
12/05/2020,26058,Santa Ana,1,0
13/05/2020,26058,Santa Ana,1,0
14/05/2020,26058,Santa Ana,1,0
15/05/2020,26058,Santa Ana,1,0
16/05/2020,26058,Santa Ana,1,0
17/05/2020,26058,Santa Ana,1,0
18/05/2020,26058,Santa Ana,1,0
19/05/2020,26058,Santa Ana,1,0
20/05/2020,26058,Santa Ana,1,0
21/05/2020,26058,Santa Ana,1,0
22/05/2020,26058,Santa Ana,1,0
23/05/2020,26058,Santa Ana,1,0
24/05/2020,26058,Santa Ana,1,0
25/05/2020,26058,Santa Ana,1,0
26/05/2020,26058,Santa Ana,1,0
27/05/2020,26058,Santa Ana,1,0
28/05/2020,26058,Santa Ana,1,0
29/05/2020,26058,Santa Ana,1,0
30/05/2020,26058,Santa Ana,1,0
31/05/2020,26058,Santa Ana,1,0
01/06/2020,26058,Santa Ana,1,0
02/06/2020,26058,Santa Ana,1,0
03/06/2020,26058,Santa Ana,1,0
04/06/2020,26058,Santa Ana,1,0
05/06/2020,26058,Santa Ana,1,0
06/06/2020,26058,Santa Ana,1,0
07/06/2020,26058,Santa Ana,1,0
08/06/2020,26058,Santa Ana,1,0
09/06/2020,26058,Santa Ana,1,0
10/06/2020,26058,Santa Ana,1,0
11/06/2020,26058,Santa Ana,1,0
12/06/2020,26058,Santa Ana,1,0
13/06/2020,26058,Santa Ana,1,0
14/06/2020,26058,Santa Ana,1,0
15/06/2020,26058,Santa Ana,1,0
16/06/2020,26058,Santa Ana,1,0
17/06/2020,26058,Santa Ana,1,0
18/06/2020,26058,Santa Ana,1,0
19/06/2020,26058,Santa Ana,1,0
20/06/2020,26058,Santa Ana,1,0
21/06/2020,26058,Santa Ana,1,0
22/06/2020,26058,Santa Ana,1,0
23/06/2020,26058,Santa Ana,1,0
24/06/2020,26058,Santa Ana,1,0
25/06/2020,26058,Santa Ana,1,0
26/06/2020,26058,Santa Ana,2,1
27/06/2020,26058,Santa Ana,2,0
28/06/2020,26058,Santa Ana,2,0
29/06/2020,26058,Santa Ana,2,0
04/04/2020,26060,Sáric,0,0
05/04/2020,26060,Sáric,0,0
06/04/2020,26060,Sáric,0,0
07/04/2020,26060,Sáric,1,1
08/04/2020,26060,Sáric,1,0
09/04/2020,26060,Sáric,1,0
10/04/2020,26060,Sáric,1,0
11/04/2020,26060,Sáric,1,0
12/04/2020,26060,Sáric,2,1
13/04/2020,26060,Sáric,2,0
14/04/2020,26060,Sáric,2,0
15/04/2020,26060,Sáric,2,0
16/04/2020,26060,Sáric,2,0
17/04/2020,26060,Sáric,2,0
18/04/2020,26060,Sáric,2,0
19/04/2020,26060,Sáric,2,0
20/04/2020,26060,Sáric,2,0
21/04/2020,26060,Sáric,2,0
22/04/2020,26060,Sáric,2,0
23/04/2020,26060,Sáric,2,0
24/04/2020,26060,Sáric,2,0
25/04/2020,26060,Sáric,2,0
26/04/2020,26060,Sáric,2,0
27/04/2020,26060,Sáric,2,0
28/04/2020,26060,Sáric,2,0
29/04/2020,26060,Sáric,2,0
30/04/2020,26060,Sáric,2,0
01/05/2020,26060,Sáric,2,0
02/05/2020,26060,Sáric,2,0
03/05/2020,26060,Sáric,2,0
04/05/2020,26060,Sáric,2,0
05/05/2020,26060,Sáric,2,0
06/05/2020,26060,Sáric,2,0
07/05/2020,26060,Sáric,2,0
08/05/2020,26060,Sáric,2,0
09/05/2020,26060,Sáric,2,0
10/05/2020,26060,Sáric,2,0
11/05/2020,26060,Sáric,2,0
12/05/2020,26060,Sáric,2,0
13/05/2020,26060,Sáric,2,0
14/05/2020,26060,Sáric,2,0
15/05/2020,26060,Sáric,2,0
16/05/2020,26060,Sáric,2,0
17/05/2020,26060,Sáric,2,0
18/05/2020,26060,Sáric,2,0
19/05/2020,26060,Sáric,2,0
20/05/2020,26060,Sáric,2,0
21/05/2020,26060,Sáric,2,0
22/05/2020,26060,Sáric,2,0
23/05/2020,26060,Sáric,2,0
24/05/2020,26060,Sáric,2,0
25/05/2020,26060,Sáric,2,0
26/05/2020,26060,Sáric,2,0
27/05/2020,26060,Sáric,2,0
28/05/2020,26060,Sáric,2,0
29/05/2020,26060,Sáric,2,0
30/05/2020,26060,Sáric,2,0
31/05/2020,26060,Sáric,2,0
01/06/2020,26060,Sáric,2,0
02/06/2020,26060,Sáric,2,0
03/06/2020,26060,Sáric,2,0
04/06/2020,26060,Sáric,2,0
05/06/2020,26060,Sáric,2,0
06/06/2020,26060,Sáric,2,0
07/06/2020,26060,Sáric,2,0
08/06/2020,26060,Sáric,2,0
09/06/2020,26060,Sáric,2,0
10/06/2020,26060,Sáric,2,0
11/06/2020,26060,Sáric,2,0
12/06/2020,26060,Sáric,2,0
13/06/2020,26060,Sáric,2,0
14/06/2020,26060,Sáric,2,0
15/06/2020,26060,Sáric,2,0
16/06/2020,26060,Sáric,2,0
17/06/2020,26060,Sáric,2,0
18/06/2020,26060,Sáric,2,0
19/06/2020,26060,Sáric,2,0
20/06/2020,26060,Sáric,2,0
21/06/2020,26060,Sáric,2,0
22/06/2020,26060,Sáric,2,0
23/06/2020,26060,Sáric,2,0
24/06/2020,26060,Sáric,2,0
25/06/2020,26060,Sáric,2,0
26/06/2020,26060,Sáric,2,0
27/06/2020,26060,Sáric,2,0
28/06/2020,26060,Sáric,2,0
29/06/2020,26060,Sáric,2,0
