Fecha,Pruebas,Confirmados,Descartados,,C_M,C_H,Decesos,D_M,D_H,Pacientes_Curados,Ambulatorios,Hospitalizados,Estables,Graves,Criticos,Ambulatorios.Activos,Ambulatorios.Seguimiento.Terminado,Recuperados,C_IMSS,C_SSA,C_ISSSTESON,C_ISSSTE,C_SEDENA,C_SEMAR,D_IMSS,D_SSA,D_ISSSTESON,D_ISSSTE,D_SEDENA,D_SEMAR
09/03/2020,,,,,,,,,,,,,,,,,,,,,,,,,,,,,,
10/03/2020,,,,,,,,,,,,,,,,,,,,,,,,,,,,,,
11/03/2020,,,,,,,,,,,,,,,,,,,,,,,,,,,,,,
12/03/2020,,,,,,,,,,,,,,,,,,,,,,,,,,,,,,
13/03/2020,,,,,,,,,,,,,,,,,,,,,,,,,,,,,,
14/03/2020,,,,,,,,,,,,,,,,,,,,,,,,,,,,,,
15/03/2020,,,,,,,,,,,,,,,,,,,,,,,,,,,,,,
16/03/2020,,1,,,,,,,,,,,,,,,,,,,,,,,,,,,,
17/03/2020,,1,,,,,,,,,,,,,,,,,,,,,,,,,,,,
18/03/2020,,2,,,,,,,,,,,,,,,,,,,,,,,,,,,,
19/03/2020,,2,,,,,,,,,,,,,,,,,,,,,,,,,,,,
20/03/2020,,2,23,,,,,,,,,,,,,,,,,,,,,,,,,,,
21/03/2020,,3,,,,,,,,,,,,,,,,,,,,,,,,,,,,
22/03/2020,47,4,,,,,,,,,,,,,,,,,,,,,,,,,,,,
23/03/2020,,4,,,,,,,,,,,,,,,,,,,,,,,,,,,,
24/03/2020,62,5,45,,,,,,,,,,,,,,,,,,,,,,,,,,,
25/03/2020,107,8,62,,,,,,,,,,,,,,,,,,,,,,,,,,,
26/03/2020,125,8,72,,,,,,,,,,,,,,,,,,,,,,,,,,,
27/03/2020,145,10,89,,,,,,,,,,,,,,,,,,,,,,,,,,,
28/03/2020,,14,,,8,6,,,,,,,,,,,,,,,,,,,,,,,,
29/03/2020,157,17,108,,10,7,,,,,13,4,,,,,,,,,,,,,,,,,,
30/03/2020,215,17,118,,10,7,,,,,,,,,,,,,,,,,,,,,,,,
31/03/2020,259,18,118,,11,7,,,,,,,,,,,,,,,,,,,,,,,,
01/04/2020,289,21,125,,,,,,,,,,,,,,,,,,,,,,,,,,,
02/04/2020,321,22,152,,,,,,,,,,,,,,,,,,,,,,,,,,,
03/04/2020,327,28,152,,,,,,,,,,,,,,,,,,,,,,,,,,,
04/04/2020,,29,,,,,1,,,,,,,,,,,,,,,,,,,,,,,
05/04/2020,374,33,227,,,,1,,,,,,,,,,,,,,,,,,,,,,,
06/04/2020,377,36,288,,,,4,,,,,,,,,,,,,,,,,,,,,,,
07/04/2020,448,39,409,,,,5,,,,,,,,,,,,,,,,,,,,,,,
08/04/2020,467,48,419,,,,5,,,4,27,14,4,8,4,,,,,,,,,,,,,,,
09/04/2020,500,55,445,,,,8,5,3,5,29,13,6,7,4,,,,,,,,,,,,,,,
10/04/2020,546,69,477,,36,33,8,5,3,6,39,16,9,7,3,,,,,,,,,,,,,,,
11/04/2020,570,83,487,,43,40,8,5,3,6,53,16,9,7,3,,,,,,,,,,,,,,,
12/04/2020,580,86,494,,,,12,10,2,6,54,14,8,6,1,,,,,,,,,,,,,,,
13/04/2020,,88,,,47,41,12,10,2,6,59,11,5,6,1,,,,,,,,,,,,,,,
14/04/2020,,97,,,51,46,12,10,2,6,66,13,6,7,1,,,,,,,,,,,,,,,
15/04/2020,678,109,569,,57,60,12,10,2,6,79,12,5,7,1,,,,,,,,,,,,,,,
16/04/2020,688,117,571,,61,63,14,10,4,6,84,13,6,7,1,,,,,,,,,,,,,,,
17/04/2020,716,124,592,,61,63,14,10,4,7,90,13,7,6,2,,,,,,,,,,,,,,,
18/04/2020,734,133,601,,,,16,12,4,7,98,12,7,5,1,,,,,,,,,,,,,,,
19/04/2020,791,152,639,,,,16,12,4,11,112,13,7,6,1,,,,,,,,,,,,,,,
20/04/2020,,157,,,,,17,,,11,,12,,,,,,,,,,,,,,,,,,
21/04/2020,836,165,671,,,,17,13,4,12,124,12,5,7,3,,,,,,,,,,,,,,,
22/04/2020,887,181,705,,15,7,22,,,13,138,9,2,7,3,,,,,,,,,,,,,,,
23/04/2020,919,199,720,,,,22,,,13,153,11,2,9,5,,,,,,,,,,,,,,,
24/04/2020,955,214,741,,,,24,,,17,161,12,2,10,4,,,,,,,,,,,,,,,
25/04/2020,989,224,765,,115,109,26,,,35,158,10,1,9,,,,,,,,,,,,,,,,
26/04/2020,1178,245,933,,,,26,,,37,167,15,3,12,,,,,,,,,,,,,,,,
27/04/2020,1233,260,973,,,,30,20,10,41,177,12,2,10,,,,,,,,,,,,,,,,
28/04/2020,1253,267,986,,135,132,31,,,42,181,13,5,8,,,,,,,,,,,,,,,,
29/04/2020,1292,288,1004,,,,31,,,43,195,16,6,10,,,,,,,,,,,,,,,,
30/04/2020,1322,305,1017,,,,34,21,13,44,206,21,,11,,,,,,,,,,,,,,,,
01/05/2020,1377,320,1057,,163,157,35,21,14,48,212,25,,13,,,,,,,,,,,,,,,,
02/05/2020,1414,335,1079,,170,165,35,21,14,60,212,28,,15,,,,,,,,,,,,,,,,
03/05/2020,1476,364,1112,,188,176,37,22,15,61,238,28,,16,,,,,,,,,,,,,,,,
04/05/2020,1553,392,1161,,192,200,41,24,17,61,266,24,,14,,,,,,,,,,,,,,,,
05/05/2020,1553,392,1161,,,,41,,,61,266,24,,14,,,,,,,,,,,,,,,,
06/05/2020,1625,451,1174,,211,240,44,26,18,61,322,24,,16,,,,,,,,,,,,,,,,
07/05/2020,1692,485,1207,,225,260,45,27,18,62,346,32,,22,,,,,,,,,,,,,,,,
08/05/2020,1791,534,1257,,237,297,45,27,18,73,381,35,,25,,,,,,,,,,,,,,,,
09/05/2020,1867,550,1317,,241,309,47,28,19,77,389,37,,25,,,,,,,,,,,,,,,,
10/05/2020,1938,588,1350,,255,333,49,29,20,79,413,47,,28,,,,,,,,,,,,,,,,
11/05/2020,2009,642,1367,,281,361,53,30,23,79,450,60,,37,,,,,,,,,,,,,,,,
12/05/2020,2132,686,1446,,300,386,55,31,24,91,483,57,,42,,,,,,,,,,,,,,,,
13/05/2020,2289,744,1545,,324,420,58,33,25,92,527,67,,49,,,,,,,,,,,,,,,,
14/05/2020,2336,790,1546,,347,443,62,36,26,92,569,67,,49,,,,,,,,,,,,,,,,
15/05/2020,2473,856,1617,,367,489,66,36,30,106,613,71,,49,,,,,,,,,,,,,,,,
16/05/2020,2589,905,1684,,391,514,68,37,31,113,642,82,,59,,,,,,,,,,,,,,,,
17/05/2020,2665,981,1684,,427,554,73,38,35,128,687,93,,67,,,,,,,,,,,,,,,,
18/05/2020,2932,1037,1895,,456,581,79,41,38,138,708,112,,81,,,,,,,,,,,,,,,,
19/05/2020,3005,1110,1895,,495,615,86,44,42,138,778,108,,80,,,,,,,,,,,,,,,,
20/05/2020,3178,1189,1989,,534,655,89,47,42,146,834,120,,84,,,,,,,,,,,,,,,,
21/05/2020,3366,1274,2092,,572,702,95,48,47,149,896,134,,100,,,,,,,,,,,,,,,,
22/05/2020,3614,1410,2204,,639,771,97,49,48,163,998,152,,120,,,,,,,,,,,,,,,,
23/05/2020,3746,1501,2245,,687,814,109,56,53,163,"1,057",172,,138,,,,,,,,,,,,,,,,
24/05/2020,3845,1599,2246,,741,858,123,62,61,163,1130,183,,145,,,,,468,785,157,27,160,2,63,44,9,5,1,1
25/05/2020,4038,1701,2337,,789,912,129,63,66,163,1211,198,,129,,,,,487,858,167,27,160,2,66,47,9,5,1,1
26/05/2020,4301,1809,2492,,840,969,139,64,75,195,1278,197,,163,,,,,515,925,176,27,164,2,67,55,9,5,2,1
27/05/2020,4526,1928,2598,,889,1039,156,68,88,232,1341,199,,162,,,,,548,985,202,27,164,2,73,63,12,5,2,1
28/05/2020,4733,2032,2701,,934,1098,167,74,93,299,1370,196,,112,,,,,554,"1,055",226,30,164,3,79,67,13,5,2,1
29/05/2020,4905,2154,2751,,991,1163,173,76,97,299,1461,221,,119,,,,,586,"1,142",229,30,164,3,83,69,13,5,2,1
30/05/2020,5113,2284,2829,,1058,1226,177,76,101,324,1549,234,,134,,,,,620,"1,211",245,35,170,3,84,71,14,5,2,1
31/05/2020,5265,2386,2879,,1099,1287,193,81,112,334,1613,246,,136,,,,,666,"1,247",253,39,178,3,96,74,15,5,2,1
01/06/2020,5445,2561,2884,,1182,1379,204,87,117,334,1759,264,,149,,,,,714,"1,366",259,39,180,3,101,79,16,5,2,1
02/06/2020,5720,2704,3016,,1250,1454,224,94,130,334,1873,273,,164,,,,,735,"1,465",279,42,180,3,108,91,16,6,2,1
03/06/2020,5850,2817,3032,,1310,1508,241,101,140,334,1983,260,,153,,,,,760,"1,529",301,45,180,3,119,97,16,6,2,1
04/06/2020,6077,3042,3035,,1433,1609,255,108,147,348,2155,284,56,176,52,,,,885,"1,607",322,45,180,3,125,104,17,6,2,1
05/06/2020,6363,3213,3150,,1525,1688,269,110,159,359,2306,279,54,174,51,,,,934,"1,684",360,50,182,3,129,112,18,7,2,1
06/06/2020,6520,3333,3187,,1593,1740,274,111,163,365,2390,304,62,190,52,,,,950,"1,768",369,60,182,4,131,115,18,7,2,1
07/06/2020,6765,3494,3271,,1669,1825,278,113,165,377,2511,328,73,200,55,,,,982,"1,849",400,69,190,4,131,118,18,8,2,1
08/06/2020,6950,3650,3300,,1750,1900,291,118,173,379,2610,370,88,228,54,,,,"1,079","1,885",412,80,190,4,136,126,18,8,2,1
09/06/2020,7096,3794,3302,,1813,1981,309,124,185,386,2745,354,85,216,53,,,,"1,121","1,981",417,81,190,4,143,133,21,9,2,1
10/06/2020,7400,4011,3389,,1931,2080,331,135,196,401,2898,381,88,231,62,,,,"1,187","2,122",420,88,190,4,149,149,21,9,2,1
11/06/2020,7852,4275,3577,,2057,2218,357,147,210,430,3110,378,81,236,61,,,,"1,239","2,278",466,98,190,4,156,165,22,11,2,1
12/06/2020,8140,4553,3587,,2201,2352,381,159,222,430,3311,431,86,279,66,,,,"1,349","2,407",494,106,193,4,172,172,23,11,2,1
13/06/2020,8585,4776,3809,,2319,2457,393,164,229,486,3446,451,97,284,70,,,,"1,408","2,525",526,118,195,4,179,176,23,13,2,1
14/06/2020,8950,4963,3987,,2403,2560,417,177,240,512,3165,473,104,307,62,,,,"1,440","2,641",554,127,196,5,189,188,24,13,2,1
15/06/2020,9148,5062,4086,,2460,2602,432,184,248,512,3651,467,98,304,65,,,,"1,464","2,701",568,127,197,5,196,194,25,14,2,1
16/06/2020,9329,5241,4088,,2554,2687,467,196,271,529,3782,463,103,299,61,,,,"1,528","2,776",588,145,199,5,213,208,29,14,2,1
17/06/2020,9720,5511,4209,,2701,2810,486,205,281,553,3973,499,118,317,62,,,,"1,544","2,972",631,160,199,5,225,215,29,14,2,1
18/06/2020,10020,5739,4281,,2824,2915,509,214,295,580,4162,481,113,305,63,,,,"1,584","3,135",646,170,199,5,229,231,31,15,2,1
19/06/2020,10577,6173,4404,,3024,3149,550,232,318,605,4473,545,134,345,64,1878,2595,3200,"1,669","3,394",730,176,199,5,241,255,33,18,2,1
20/06/2020,10950,6448,4502,,3177,3271,569,239,330,647,4646,586,152,374,60,2077,2569,3216,"1,700","3,566",770,208,199,5,247,261,40,18,2,1
21/06/2020,11213,6709,4504,,3309,3400,582,242,340,649,4864,614,155,394,65,2265,2599,3248,"1,755","3,739",781,230,199,5,250,268,41,20,2,1
22/06/2020,11450,6894,4556,,3399,3495,621,259,362,649,4988,636,165,403,68,984,4004,4653,"1,827","3,834",784,241,199,9,280,277,41,20,2,1
23/06/2020,12267,7306,4961,,3605,3701,674,282,392,692,5177,763,184,505,74,1146,4031,4723,"2,121","3,917",814,245,199,10,315,290,43,22,2,2
24/06/2020,12580,7547,5033,,3741,3806,721,298,423,707,5366,753,186,499,68,1315,4051,4758,"2,193","4,043",843,258,200,10,331,318,46,22,2,2
25/06/2020,12850,7706,5144,,3816,3890,749,309,440,707,5506,744,184,497,63,1426,4080,4787,"2,208","4,163",857,267,201,10,341,330,51,23,2,2
26/06/2020,13158,7901,5257,,3907,3994,787,324,463,831,5515,768,196,513,59,1545,3970,4801,"2,249","4,304",863,274,201,10,361,343,55,24,2,2
27/06/2020,13450,8139,5311,,4036,4103,824,339,485,981,5516,818,202,559,57,810,4706,5687,"2,342","4,411",901,274,201,10,387,352,57,24,2,2
28/06/2020,13799,8384,5415,,4155,4229,838,347,491,1129,5595,822,195,568,59,1008,4587,5716,"2,394","4,572",909,298,201,10,392,359,59,24,2,2
29/06/2020,14000,8533,5467,,4226,4307,870,359,511,1245,5566,852,196,591,65,1087,4479,5724,"2,445","4,647",921,309,201,10,413,366,61,26,2,2
30/06/2020,14210,8708,5502,,4327,4381,894,369,525,1259,5707,848,198,587,63,1191,4516,5775,"2,552","4,708",924,313,201,10,423,377,63,27,2,2
01/07/2020,14591,8976,5615,,4471,4505,909,378,531,1272,5905,890,208,611,71,1350,4555,5827,"2,705","4,802",944,313,202,10,433,380,64,28,2,2
02/07/2020,15089,9386,5703,,4683,4703,950,391,559,1280,6196,960,228,666,66,1628,4568,5848,"2,873","4,976","1,000",325,202,10,465,388,65,28,2,2
03/07/2020,15508,9801,5707,,4895,4906,990,407,583,1280,6530,1001,233,682,86,1943,4587,5867,"2,958","5,263","1,035",333,202,10,481,406,68,31,2,2
04/07/2020,16054,10065,5989,,5032,5033,1016,418,598,1334,6688,1027,236,704,87,2129,4559,5893,"3,011","5,458","1,049",335,202,10,501,412,68,31,2,2
05/07/2020,16330,10332,5998,,5175,5157,1034,427,607,1334,6888,1076,226,758,92,947,5941,7275,"3,150","5,566","1,049",355,202,10,515,415,69,31,2,2
06/07/2020,16700,10619,6081,,5309,5310,1055,434,621,1334,7131,1099,230,766,103,1140,5991,7325,"3,244","5,746","1,050",367,202,10,531,420,69,31,2,2
07/07/2020,17245,11052,6193,,5524,5528,1086,448,638,1456,7322,1188,239,848,101,1345,5977,7433,"3,483","5,866","1,120",369,204,10,556,424,70,32,2,2
08/07/2020,17659,11266,6393,,5639,5627,1117,464,653,1482,7463,1204,242,848,114,1468,5995,7477,"3,555","5,976","1,135",385,205,10,574,434,72,33,2,2
09/07/2020,18080,11644,6436,,5841,5803,1152,478,674,1632,7634,1226,245,859,122,1764,5870,7502,"3,607","6,276","1,156",390,205,10,595,445,75,33,2,2
10/07/2020,18672,12065,6607,,6077,5988,1193,499,694,1648,7997,1227,242,866,119,2110,5887,7535,"3,674","6,547","1,225",404,205,10,627,454,75,33,2,2
11/07/2020,19160,12412,6748,,6255,6157,1232,518,714,1672,8279,1229,245,879,105,2388,5891,7563,"3,762","6,722","1,286",427,205,10,649,463,82,34,2,2
12/07/2020,19420,12630,6790,,6372,6258,1268,536,732,1672,8534,1156,233,823,100,1086,7448,9120,"3,788","6,900","1,289",438,205,10,672,472,86,34,2,2
13/07/2020,19700,12850,6850,,6480,6370,1287,541,746,1804,8616,1143,227,814,102,1199,7417,9221,"3,866","7,037","1,289",433,205,10,682,480,87,34,2,2
14/07/2020,20336,13300,7036,,6730,6570,1328,557,771,1825,7470,1196,236,851,109,1481,7470,9295,"4,038","7,187","1,414",446,205,10,712,490,87,35,2,2
15/07/2020,20678,13560,7118,,6860,6700,1357,570,787,1826,9175,1202,238,855,109,1662,7513,9339,"4,102","7,324","1,473",446,205,10,729,501,87,36,2,2
16/07/2020,21064,13942,7122,,7077,6865,1377,575,802,1826,9509,1233,256,865,112,1930,7576,9402,"4,141","7,623","1,496",466,205,11,742,506,88,37,2,2
17/07/2020,21514,14387,7127,,7312,7075,1406,584,822,2049,9677,1255,256,887,112,2236,7441,9490,"4,202","7,942","1,542",485,205,11,751,526,88,37,2,2
18/07/2020,21851,14729,7122,,7476,7253,1436,596,840,2051,9946,1296,262,921,113,2418,7528,9579,"4,339","8,110","1,577",487,205,11,769,534,91,38,2,2
19/07/2020,22300,15112,7188,,7679,7433,1466,609,857,2051,10245,1350,275,966,109,1240,9005,11056,"4,459","8,333","1,606",498,205,11,792,540,91,39,2,2
20/07/2020,22643,15381,7262,,7821,7560,1494,618,876,2315,10191,1381,275,998,108,1345,8846,11161,"4,556","8,478","1,631",500,205,11,804,553,94,39,2,2
21/07/2020,23056,15676,7380,,7977,7699,1524,631,893,2605,10136,1411,286,1016,109,1446,8690,11295,"4,645","8,643","1,669",503,205,11,825,561,95,39,2,2
22/07/2020,23452,15962,7580,,8134,7828,1540,637,903,2612,10412,1398,287,1002,109,1576,8836,11448,"4,660","8,820","1,763",503,205,11,837,564,96,39,2,2
23/07/2020,23902,16307,7595,,8299,8008,1565,648,917,2774,10553,1415,297,1012,106,1713,8840,11614,"4,753","9,016","1,806",516,205,11,855,567,100,39,2,2
24/07/2020,24462,16649,7813,,8489,8160,1595,663,932,2779,10844,1431,306,1022,103,1864,8980,11759,"4,783","9,272","1,854",524,205,11,883,568,101,39,2,2
25/07/2020,25000,17092,7908,,8721,8371,1630,677,953,2779,11218,1465,324,1044,97,2100,9118,11897,"4,888","9,549","1,903",536,205,11,911,574,102,39,2,2
26/07/2020,25500,17460,8040,,8904,8556,1660,688,972,3107,11210,1483,333,1053,97,879,10331,13438,"4,949","9,825","1,931",538,205,12,928,586,103,39,2,2
27/07/2020,25936,17860,8076,,9143,8717,1695,700,995,3111,11526,1528,347,1082,99,1067,10459,13570,"5,061","10,076","1,956",550,205,12,943,604,104,40,2,2
28/07/2020,26195,18119,8076,,9291,8828,1725,711,1014,3111,11790,1493,339,1058,96,1190,10600,13711,"5,079","10,303","1,970",550,205,12,953,610,118,40,2,2
29/07/2020,26604,18526,8078,,9510,6016,1756,718,1038,3111,12191,1468,338,1033,97,1413,10778,13889,"5,089","10,681","1,982",557,205,12,979,612,121,40,2,2
30/07/2020,27085,19006,8079,,9775,9231,1787,729,1058,3111,12637,1471,348,1024,99,1649,10988,14099,"5,130","11,074","2,024",561,205,12,"1,006",612,125,40,2,2
31/07/2020,27552,19473,8079,,10038,9435,1828,750,1078,3111,13090,1444,350,999,95,1924,11166,14277,"5,148","11,512","2,026",570,205,12,"1,037",622,125,40,2,2
01/08/2020,29426,20022,9404,,10338,9684,1878,770,1108,3111,13626,1404,345,967,92,2243,11386,14497,"5,186","12,005","2,044",570,205,12,"1,065",634,135,40,2,2
02/08/2020,30093,20592,9501,,10667,9925,1929,796,1133,3649,13648,1366,343,939,84,1277,12371,16020,"5,195","12,551","2,057",572,205,12,"1,097",644,143,41,2,2
03/08/2020,30580,21000,9580,,10925,10075,1969,816,1153,3649,14071,1311,335,893,83,1525,12546,16195,"5,222","12,915","2,073",573,205,12,"1,112",655,151,46,3,2
04/08/2020,31102,21423,9680,,11181,10242,2011,837,1174,4145,13959,1308,338,892,78,1754,12205,16350,"5,311","13,232","2,087",576,205,12,"1,139",658,160,49,3,2
05/08/2020,31726,21941,9785,,11481,10460,2055,859,1196,4339,15098,449,338,74,37,2164,12934,17273,"5,352","13,703","2,093",576,205,12,"1,167",669,164,50,3,2
06/08/2020,32232,22337,9895,,11703,10634,2089,875,1214,4699,15120,429,292,96,41,2451,12669,17368,"5,391","14,025","2,123",581,205,12,"1,187",679,168,50,3,2
07/08/2020,32764,22769,9995,,11948,10821,2124,892,1232,5152,15071,422,229,150,43,2748,12323,17475,"5,484","14,345","2,135",588,205,12,"1,215",685,169,50,3,2
08/08/2020,33237,23132,10105,,12160,10972,2163,911,1252,5142,15383,434,221,171,42,3007,12776,17918,"5,512","14,676","2,139",588,205,12,"1,237",697,172,52,3,2
09/08/2020,33759,23559,10200,,12416,11143,2203,931,1272,5155,15810,391,195,156,40,3349,12470,17625,"5,525","15,090","2,139",588,205,12,"1,270",701,175,52,3,2
10/08/2020,34281,23969,10312,,12661,11308,2257,952,1305,5659,15664,398,147,208,34,1512,14152,19811,"5,640","15,355","2,164",593,205,12,"1,305",712,183,52,3,2
11/08/2020,34802,24387,10415,,12894,11493,2299,972,1327,5659,16066,363,116,215,32,1755,14311,19970,"5,714","15,693","2,169",594,205,12,"1,320",732,189,53,3,2
12/08/2020,35229,24699,10530,,13077,11622,2329,984,1345,6062,15948,360,107,219,34,1957,13991,20053,"5,751","15,963","2,171",597,205,12,"1,342",738,191,53,3,2
13/08/2020,35731,25006,10725,,13231,11775,2407,1013,1394,6109,16147,343,108,204,31,2164,13983,20092,"5,785","16,229","2,177",598,205,12,"1,401",750,196,55,3,2
14/08/2020,36081,25191,10890,,13335,11856,2426,1023,1403,6115,16307,343,109,204,30,2311,13996,20111,"5,789","16,401","2,184",600,205,12,"1,418",751,197,55,3,2
15/08/2020,36482,25483,10999,,13502,11981,2434,1026,1408,6115,16580,354,112,212,30,2409,14171,20286,"5,800","16,675","2,190",601,205,12,"1,426",751,197,55,3,2
16/08/2020,36831,25706,11125,,13619,12087,2443,1031,1412,6499,16413,351,57,261,33,1554,14859,21358,"5,917","16,776","2,195",601,205,12,"1,435",751,197,55,3,2
17/08/2020,37029,25804,11225,,13678,12126,2466,1042,1424,6499,16474,365,59,273,33,1618,14856,21355,"5,952","16,832","2,202",601,205,12,"1,455",754,197,55,3,2
18/08/2020,37336,25991,11345,,13791,12200,2476,1044,1432,6726,16442,347,52,261,34,1783,14659,21385,"5,965","16,999","2,209",601,205,12,"1,464",754,198,55,3,2
19/08/2020,37660,26169,11491,,13907,12262,2492,1052,1440,6726,16657,294,47,210,37,1946,14711,21437,"5,970","17,165","2,211",601,210,12,"1,479",755,198,55,3,2
20/08/2020,38363,26458,11905,,14073,12385,2511,1061,1450,6726,16944,277,44,202,31,2213,14731,21457,"5,990","17,423","2,215",608,210,12,"1,489",759,202,56,3,2
21/08/2020,38967,26752,12215,,14223,12529,2538,1079,1459,7118,16822,274,42,201,31,2462,14360,21478,"6,017","17,676","2,225",612,210,12,"1,512",762,203,56,3,2
22/08/2020,39388,27068,12320,,14393,12675,2550,1082,1468,7118,17088,312,53,228,31,2727,14361,21479,"6,081","17,918","2,232",615,210,12,"1,523",763,203,56,3,2
23/08/2020,39631,27171,12460,,14455,12716,2554,1085,1469,7536,16779,302,49,223,30,1145,15634,23170,"6,090","18,006","2,238",615,210,12,"1,527",763,203,46,3,2
24/08/2020,40123,27348,12775,,14560,12788,2567,1089,1478,7536,16940,305,48,227,30,1299,15641,23177,"6,116","18,151","2,244",615,210,12,"1,539",764,203,56,3,2
25/08/2020,40656,27569,13087,,14685,12884,2596,1099,1497,8038,16647,288,44,212,32,1480,15167,23205,"6,150","18,333","2,248",615,211,12,"1,563",768,204,56,3,2
26/08/2020,41146,27754,13392,,14781,12973,2627,1111,1516,8441,16415,271,47,193,31,1641,14774,23215,"6,170","18,490","2,250",621,211,12,"1,576",785,205,56,3,2
27/08/2020,41652,27950,13702,,14885,13865,2649,1120,1529,8441,16580,280,52,192,36,1793,14787,23228,"6,194","18,651","2,258",623,212,12,"1,594",788,205,56,3,3
28/08/2020,42046,28234,13812,,15055,13179,2663,1122,1541,9018,16268,285,53,197,35,2046,14222,23240,"6,227","18,895","2,263",625,212,12,"1,604",791,206,56,3,3
29/08/2020,42426,28416,14010,,15165,13251,2667,1123,1544,9018,16437,294,55,203,36,2209,14228,23246,"6,256","19,044","2,264",628,212,12,"1,608",791,206,56,3,3
30/08/2020,42803,28488,14315,,15209,13279,2672,1125,1547,9557,15966,293,54,203,36,856,15110,24667,"6,269","19,098","2,269",628,212,12,"1,612",792,206,56,3,3
31/08/2020,43080,28622,14458,,15291,13331,2686,1132,1554,10036,15615,285,50,199,36,1154,14461,24497,6280,19214,2276,628,212,12,1621,797,206,56,3,3
01/09/2020,43385,28785,14600,,15367,13418,2690,1135,1555,10036,15773,286,50,200,36,1280,14493,24529,6303,19348,2282,628,212,12,1625,797,206,56,3,3
02/09/2020,43666,28954,14712,,15464,13490,2705,1144,1561,10823,15150,276,51,187,38,1406,13744,24567,6314,19497,2288,631,212,12,1632,805,206,56,3,3
03/09/2020,44197,29172,15025,,15579,13593,2717,1147,1570,11459,14721,276,53,188,35,1603,13118,24577,6339,19676,2302,631,212,12,1638,811,206,56,3,3
04/09/2020,44547,29372,15175,,15696,13676,2726,1154,1572,11459,15175,264,51,178,35,1710,13213,24672,6345,19869,2302,632,212,12,1643,814,207,56,3,3
05/09/2020,45054,29568,15486,,15802,13766,2736,1160,1576,11459,15109,264,53,177,34,1711,13398,24857,6346,20051,2315,632,212,12,1646,821,207,56,3,3
06/09/2020,45498,29687,15811,,15866,13821,2743,1167,1576,12234,14710,283,53,197,33,915,13795,26029,6386,20127,2318,632,212,12,,,,,,
07/09/2020,45631,29765,15865,,15912,13853,2748,1169,1579,12234,14564,156,33,100,23,686,13878,26112,,,,,,,,,,,,
08/09/2020,45764,29844,15920,,15958,13886,2753,1174,1579,12234,14701,156,33,100,23,739,13962,26196,,,,,,,,,,,,
09/09/2020,46065,30003,16062,,16036,13967,2756,1176,1580,12864,14232,151,33,95,23,783,13449,26313,6402,20424,2321,632,212,12,1664,823,207,56,3,3
10/09/2020,46486,30226,16260,,16163,14063,2764,1182,1582,13279,14036,147,33,94,20,858,13178,26457,6416,20598,2355,633,212,12,1671,824,207,56,3,3
11/09/2020,46968,30508,16460,,16316,14192,2783,1192,1591,13279,14285,161,44,95,22,1003,13232,26511,6427,20830,2393,634,212,12,1677,837,207,56,3,3
12/09/2020,47349,30751,16598,,16448,14303,2793,1197,1596,13279,14517,162,44,96,22,1147,13370,26649,6437,21042,2413,635,212,12,1681,843,207,56,3,3
13/09/2020,47848,30949,16899,,16547,14402,2799,1198,1601,13279,14726,145,38,91,16,1282,13444,26723,6472,21202,2415,636,212,12,1684,845,208,56,3,3
14/09/2020,48197,31095,17102,,16642,14453,2803,1200,1603,14000,14148,144,37,91,16,726,13422,27422,6475,21333,2422,641,212,12,1685,848,208,56,3,3
15/09/2020,48370,31160,17210,,16678,14482,2804,1201,1603,14000,14214,142,37,90,15,782,13432,27432,6505,21364,2426,641,212,12,1685,848,208,57,3,3
16/09/2020,48756,31356,17400,,16783,14573,2809,1204,1605,14669,13726,152,40,96,16,856,12870,27539,6519,21544,2428,641,212,12,1689,848,208,58,3,3
17/09/2020,49013,31456,17557,,16833,14623,2813,1206,1607,14963,13521,159,45,97,17,898,12623,27586,6520,21640,2431,641,212,12,1690,850,208,59,3,3
18/09/2020,49232,31622,17610,,16943,14679,2816,1209,1607,14963,13695,148,40,93,15,1005,12690,27653,6524,21793,2437,644,212,12,1693,850,208,59,3,3
19/09/2020,49518,31790,17728,,17028,14762,2820,1212,1608,14963,13852,155,46,94,15,1079,12773,27736,6542,21929,2451,644,212,12,1696,850,208,60,3,3
20/09/2020,49968,31948,18020,,17112,14836,2828,1215,1613,15230,13740,150,45,90,15,1190,12550,27780,6552,22070,2454,648,212,12,1699,855,208,60,3,3
21/09/2020,50417,32092,18325,,17202,14890,2833,1215,1618,15230,13886,143,45,85,13,595,13291,28521,6564,22186,2467,651,212,12,1704,855,208,60,3,3
22/09/2020,50679,32204,18475,,17265,14939,2844,1217,1627,15536,13681,143,45,85,13,693,12988,28524,6582,22275,2472,651,212,12,1712,858,208,60,3,3
23/09/2020,50966,32366,18600,,17355,14993,2862,1227,1635,16006,13356,142,45,84,13,747,12609,28615,6586,22431,2474,651,212,12,1715,873,208,60,3,3
24/09/2020,51281,32496,18785,,17415,15063,2868,1229,1639,16307,13169,152,54,85,13,823,12346,28653,6591,22556,2474,651,212,12,1720,874,208,60,3,3
25/09/2020,51612,32712,18900,,17533,15161,2875,1232,1643,16573,13116,148,52,83,13,983,12133,28706,6627,22727,2481,653,212,12,1725,876,208,60,3,3
26/09/2020,51956,32956,19000,,17684,15254,2880,1232,1648,16573,13360,143,50,80,13,1202,12158,28731,6657,22928,2493,654,212,12,1730,876,208,60,3,3
27/09/2020,52422,33097,19325,,17759,15338,2883,1233,1650,16876,13195,143,50,80,13,959,12236,29112,6672,23050,2497,654,212,12,1731,877,208,61,3,3
28/09/2020,52797,33167,19630,,17801,15348,2887,1235,1652,17459,12662,159,55,88,16,645,12017,29476,6674,23116,2499,654,212,12,1733,879,208,61,3,3
29/09/2020,53066,33288,19778,,17879,15391,2897,1237,1660,17469,12765,157,55,86,16,689,12076,29545,6690,23212,2508,654,212,12,1739,883,208,61,3,3
30/09/2020,53416,33416,20000,,17953,15445,2900,1237,1663,17771,12589,156,55,85,16,655,11934,29705,6706,23322,2509,655,212,12,1741,884,208,61,3,3
01/10/2020,53755,33543,20212,,18019,15506,2903,1238,1665,18060,12428,152,54,83,15,635,11793,29853,6720,23528,2515,656,212,12,1742,886,208,61,3,3
02/10/2020,54071,33701,20370,,18113,15570,2911,1244,1667,18371,12252,167,60,88,19,699,11553,29924,6732,23562,2524,659,212,12,1749,887,208,61,3,3
03/10/2020,54374,33875,20499,,18208,15649,2918,1248,1670,18683,12110,164,58,87,19,829,11281,29964,6742,23717,2529,663,212,12,1753,890,208,61,3,3
04/10/2020,54700,33968,20732,,18254,15714,2922,1250,1672,18683,12201,162,57,86,19,898,11303,29986,6761,23785,2535,663,212,12,1757,890,208,61,3,3
05/10/2020,55114,34065,21049,,18307,15740,2928,1253,1675,19338,11644,155,55,82,18,689,10955,30293,6769,23868,2539,665,212,12,1760,892,208,62,3,3
06/10/2020,55287,34137,21150,,18345,15774,2941,1261,1680,19338,11691,167,60,87,20,732,10959,30297,6801,23908,2539,665,212,12,1771,892,210,62,3,3
07/10/2020,55656,34251,21405,,18403,15830,2954,1267,1687,19570,11564,163,58,85,20,833,10731,30301,6813,24003,2545,665,213,12,1775,896,214,62,4,3
08/10/2020,55842,34336,21506,,18451,15867,2964,1271,1693,19826,11386,160,58,83,19,906,10480,30306,6815,24075,2552,669,213,12,1777,904,214,62,4,3
09/10/2020,56107,34457,21650,,18515,15924,2970,1273,1697,20129,11196,162,60,82,20,984,10212,30341,6825,24177,2560,670,213,12,1781,906,214,62,4,3
10/10/2020,56473,34673,21800,,18640,16015,2977,1276,1701,20483,11057,156,60,80,16,661,10396,30879,6828,24371,2578,671,213,12,1786,908,214,62,4,3
11/10/2020,56869,34869,22000,,18735,16134,2987,1278,1709,20483,11247,152,60,76,16,780,10467,30950,6862,24522,2588,672,213,12,1791,909,217,63,4,3
12/10/2020,57314,34963,22351,,18795,16168,2994,1281,1713,20483,11349,137,50,69,18,864,10485,30968,6883,24592,2590,673,213,12,1794,910,217,66,4,3
13/10/2020,57491,35031,22460,,18835,16196,3003,1285,1718,20830,11060,138,51,69,18,924,10136,30966,6907,24634,2592,673,213,12,1798,913,219,66,4,3
14/10/2020,57751,35151,22600,,18903,16248,3010,1286,1724,21196,10792,153,58,73,22,988,9804,31000,6926,24724,2603,673,213,12,1802,916,219,66,4,3
15/10/2020,58033,35255,22778,,18958,16297,3015,1287,1728,21196,10889,155,51,80,24,1051,9838,31034,6943,24803,2607,677,213,12,1806,917,219,66,4,3
16/10/2020,58296,35376,22920,,19032,16344,3024,1288,1736,21444,10750,158,53,81,24,1156,9594,31038,6952,24912,2610,677,213,12,1809,920,222,66,4,3
17/10/2020,58761,35661,23100,,19199,16462,3032,1292,1740,21640,10825,164,53,87,24,747,10078,31718,6956,25189,2614,677,213,12,1813,924,222,66,4,3
18/10/2020,59201,35790,23411,,19264,16526,3039,1292,1747,21637,10953,161,52,85,24,811,10142,31779,6996,25276,2615,678,213,12,1818,926,222,66,4,3
19/10/2020,59691,35929,23762,,19339,16590,3047,1295,1752,21859,10866,157,52,82,23,929,9937,31796,7017,25381,2627,679,213,12,1823,929,222,66,4,3
20/10/2020,59978,36058,23920,,19404,16654,3062,1304,1758,22101,10729,166,56,86,24,1285,9444,31545,7054,25469,2631,679,213,12,1830,933,223,69,4,3
21/10/2020,60328,36223,24105,,19493,16730,3071,1309,1762,22101,10881,170,59,87,24,1287,9594,31695,7077,25581,2661,679,213,12,1836,935,223,70,4,3
22/10/2020,60755,36345,24410,,19566,16779,3079,1312,1767,22489,10607,170,57,88,25,1270,9337,31826,7090,25672,2678,679,214,12,1841,938,223,70,4,3
23/10/2020,61217,36472,24745,,19641,16831,3085,1315,1770,22489,10726,172,58,89,25,1268,9458,31947,7100,25773,2692,681,214,12,1844,940,224,70,4,3
24/10/2020,61750,36689,25061,,19749,16940,3094,1318,1776,22699,10733,163,53,85,25,1305,9428,32127,7150,25922,2706,685,214,12,1851,942,224,70,4,3
25/10/2020,62208,36823,25385,,19810,17013,3097,1319,1778,22699,10865,162,52,85,25,1330,9535,32234,7161,26028,2722,686,214,12,1854,942,224,70,4,3
26/10/2020,62676,36986,25690,,19901,17085,3100,1320,1780,22699,11015,172,53,91,28,1386,9629,32328,7198,26142,2731,689,214,12,1856,943,224,70,4,3
27/10/2020,63087,37093,25994,,19965,17128,3114,1324,1780,23062,10741,176,60,89,27,1234,9507,32569,7203,26237,2738,689,214,12,1859,954,224,70,4,3
28/10/2020,63476,37160,26316,,20008,17152,3118,1326,1792,23062,10809,171,56,89,26,1302,9507,32569,7226,26278,2741,689,214,12,1862,955,224,70,4,3
29/10/2020,63862,37230,26632,,20052,17178,3124,1327,1797,23225,9365,167,54,87,26,1349,9365,32590,7230,26330,2745,698,215,12,1866,957,224,70,4,3
30/10/2020,64376,37431,26945,,20168,17263,3132,1329,1803,23225,9390,173,55,90,28,1511,9390,32615,7265,26496,2745,698,215,12,1870,961,224,70,4,3
31/10/2020,64883,37626,27257,,20274,17350,3139,1331,1808,23225,11088,174,55,91,28,1283,9805,33030,7295,26629,2769,705,216,12,1876,962,224,70,4,3
01/11/2020,65503,37832,27671,,20392,17440,3148,1335,1813,23225,11295,164,46,90,28,1454,9841,33066,7309,26809,2778,708,216,12,1885,962,224,70,4,3
02/11/2020,65921,37930,27991,,20450,17480,3152,1338,1814,23225,11389,164,46,90,28,1546,9843,33068,7321,26891,2781,708,217,12,1887,964,224,70,4,3
03/11/2020,66373,38011,28362,,20500,17511,3163,1341,1822,23225,11442,181,55,98,28,1601,9841,33066,7334,26953,2787,708,217,12,1898,964,224,70,4,3
04/11/2020,66785,38106,28679,,20556,17550,3169,1343,1826,23678,11079,180,57,96,27,1166,9913,33591,7364,27016,2789,708,217,12,1902,965,225,70,4,3
05/11/2020,67190,38200,28990,,20609,17591,3179,1351,1828,23678,11146,197,66,101,30,1195,9951,33629,7389,27066,2806,710,217,12,1912,965,225,70,4,3
06/11/2020,67675,38333,29342,,20678,17655,3182,1351,1831,23678,11274,199,65,107,27,1296,9978,33656,7443,27139,2809,713,217,12,1914,966,225,70,4,3
07/11/2020,68186,38513,29673,,20777,17736,3188,1354,1834,23678,11430,217,75,114,28,1451,9979,33657,7465,27296,2809,714,217,12,1918,968,225,70,4,3
08/11/2020,68475,38674,29801,,20872,17802,3189,1355,1834,23678,11581,226,79,119,28,1581,10000,33678,7477,27419,2835,714,217,12,1919,968,225,70,4,3
09/11/2020,68758,38835,29923,,20958,17877,3193,1356,1837,23678,11744,220,79,116,25,1745,9999,33677,7493,27548,2846,719,217,12,1920,971,225,70,4,3
10/11/2020,69286,38944,30342,,21023,17921,3207,1361,1846,24370,11156,211,76,112,23,1885,9271,33641,7534,27608,2854,719,217,12,1931,972,227,70,4,3
11/11/2020,69835,39122,30713,,21115,18007,3213,1363,1850,24370,11321,218,75,118,25,1958,9363,33733,7568,27742,2864,719,217,12,1932,975,229,70,4,3
12/11/2020,70357,39359,30998,,21256,18103,3222,1367,1855,24370,11543,224,77,120,27,1266,10227,34597,7615,27908,2888,719,217,12,1939,975,231,70,4,3
13/11/2020,70887,39522,31365,,21351,18171,3232,1370,1862,24399,11659,232,79,125,28,1348,10311,34710,7627,28049,2890,725,217,14,1943,981,231,70,4,3
14/11/2020,71176,39664,31512,,21430,18234,3242,1375,1867,24399,11763,260,91,138,31,1430,10333,34732,7633,28169,2902,729,217,14,1950,984,231,70,4,3
15/11/2020,71647,39812,31835,,21509,18303,3252,1379,1873,24399,11891,266,91,140,35,1525,10366,34765,7642,28287,2920,732,217,14,1959,985,231,70,4,3
16/11/2020,72150,39973,32177,,21599,18374,3254,1380,1874,24399,12038,282,101,146,35,1671,10367,34766,7649,28426,2931,736,217,14,1960,986,231,70,4,3
17/11/2020,72487,40106,32381,,21673,18433,3257,1380,1877,24399,12167,283,100,147,36,1800,10367,34766,7652,28546,2940,737,217,14,1963,986,231,70,4,3
18/11/2020,72900,40192,32708,,21725,18467,3260,1381,1879,24399,12232,301,109,152,40,1815,10417,34816,7669,28611,2944,737,217,14,1963,989,231,70,4,3
19/11/2020,73407,40378,33029,,21831,18547,3273,1386,1887,28344,8448,313,112,156,45,1148,7300,35644,7698,28767,2944,738,217,14,1975,990,231,70,4,3
20/11/2020,73755,40534,33221,,21909,18625,3292,1395,1897,28344,8564,334,125,160,49,1200,7364,35708,7737,28868,2960,738,217,14,1992,992,231,70,4,3
21/11/2020,74201,40666,33535,,21964,18702,3301,1400,1901,28344,8684,337,124,163,50,1324,7360,35704,7752,28978,2967,738,217,14,1998,993,231,72,4,3
22/11/2020,74680,40827,33853,,22060,18767,3304,1401,1903,28344,8849,330,121,160,49,1487,7362,35706,7761,29092,2992,751,217,14,1998,996,231,72,4,3
23/11/2020,75220,41058,34162,,22188,18870,3315,1408,1907,28344,9069,330,119,161,50,1695,7374,35718,7856,29226,2994,751,217,14,2007,998,231,72,4,3
24/11/2020,75640,41255,34385,,22284,18971,3326,1413,1913,28344,9226,359,127,170,62,1842,7384,35728,7962,29295,3010,757,217,14,2015,1001,231,72,4,3
25/11/2020,76136,41444,34692,,22383,19061,3337,1420,1917,28344,9415,348,124,164,60,1972,7443,35787,8029,29413,3014,757,217,14,2025,1002,231,72,4,3
26/11/2020,76646,41648,34998,,22497,19151,3347,1425,1922,28344,9612,345,127,160,58,2109,7503,35847,8087,29558,3014,758,217,14,2033,1004,231,72,4,3
27/11/2020,77108,41786,35322,,22566,19220,3353,1428,1925,28344,9731,358,132,165,61,2163,7568,35912,8108,29668,3020,759,217,14,2036,1007,231,72,4,3
28/11/2020,77751,42081,35670,,22720,19361,3375,1436,1939,28344,9997,365,137,165,63,1184,8813,37157,8144,29889,3049,768,217,14,2057,1008,231,72,4,3
29/11/2020,78313,42332,35981,,22873,19459,3389,1442,1947,28344,10235,364,140,164,60,1408,8827,37171,8236,30048,3049,768,217,14,2066,1011,233,72,4,3
30/11/2020,78932,42628,36304,,23036,19592,3403,1445,1958,28344,10515,366,139,166,61,1667,8848,37192,8287,30259,3081,770,217,14,2077,1014,233,72,4,3
01/12/2020,79731,42969,36762,,23225,19744,3421,1451,1970,28344,10816,388,147,178,63,1966,8850,37194,8338,30491,3134,775,217,14,2086,1020,235,73,4,3
02/12/2020,80569,43399,37170,,23479,19920,3433,1459,1974,28344,11218,404,155,181,68,2361,8857,37201,8355,30836,3187,790,217,14,2093,1024,235,73,4,3
03/12/2020,81323,43838,37485,,23713,20125,3441,1461,1980,28344,11649,404,155,181,68,2203,9446,37790,8413,31148,3246,800,217,14,2100,1025,235,73,4,4
04/12/2020,81834,44041,37793,,23824,20217,3460,1470,1990,28344,11831,406,155,183,68,2929,8902,37246,8486,31274,3250,800,217,14,2115,1025,239,73,4,4
05/12/2020,82399,44301,38098,,23957,20344,3473,1473,2000,28344,12060,424,158,193,73,1632,10428,38772,8523,31454,3284,809,217,14,2125,1026,241,73,4,4
06/12/2020,82826,44611,38215,,24118,20493,3476,1473,2003,28344,12376,415,154,190,71,2120,10256,38600,8560,31687,3319,814,217,14,2126,1028,241,73,4,4
07/12/2020,83386,44860,38526,,24258,20602,3484,1475,2009,28344,12617,415,154,190,71,2356,10261,38605,8586,31877,3348,818,217,14,2134,1028,241,73,4,4
08/12/2020,83888,45050,38838,,24364,20687,3486,1477,2009,28344,12796,424,169,187,68,2531,10265,38609,8631,31998,3369,821,217,14,2135,1029,241,73,4,4
09/12/2020,84470,45311,39159,,24508,20803,3498,1483,2015,28344,13045,424,169,181,74,2730,10315,38659,8655,32183,3420,821,218,14,2145,1031,241,73,4,4
10/12/2020,84913,45540,39373,,24619,20921,3532,1498,2034,28344,13210,454,198,180,76,2892,10318,38662,8781,32279,3424,824,218,14,2172,1032,243,77,4,4
11/12/2020,85489,45788,39701,,24740,21048,3551,1506,2045,28344,13459,432,190,174,70,2911,10548,38892,8799,32494,3437,826,218,14,2187,1032,247,77,4,4
12/12/2020,86048,46016,40032,,24882,21134,3595,1528,2067,30160,11638,439,171,194,74,1095,10543,40703,8863,32657,3438,826,218,14,2225,1032,253,77,4,4
13/12/2020,86549,46250,40299,,24945,21305,3603,1532,2071,28344,13869,434,170,192,72,1551,12318,40662,8914,32821,3454,829,218,14,2231,1032,254,78,4,4
14/12/2020,87050,46425,40625,,25048,21377,3622,1539,2083,28344,14023,436,174,190,72,1764,12259,40603,8936,32947,3474,836,218,14,2247,1034,255,78,4,4
15/12/2020,87637,46729,40908,,25221,21508,3644,1546,2098,28344,14299,442,173,193,76,1991,12308,40652,8996,33149,3513,839,218,14,2267,1036,255,78,4,4
16/12/2020,88241,47024,41217,,25390,21634,3655,1547,2108,28344,14581,444,175,193,76,2273,12308,40652,9021,33393,3535,843,218,14,2278,1036,255,78,4,4
17/12/2020,88820,47278,41542,,25539,21739,3678,1564,2114,28344,14784,472,183,200,89,2496,12288,40632,9079,33580,3542,844,219,14,2295,1039,258,78,4,4
18/12/2020,89393,47531,41862,,25696,21835,3701,1575,2126,35995,7360,475,184,202,89,2711,4649,40644,9120,33728,3598,852,219,14,2311,1044,260,78,4,4
19/12/2020,90013,47866,42147,,25874,21992,3708,1580,2128,35995,7667,496,190,210,96,3000,4667,40662,9169,33998,3614,852,219,14,2318,1044,260,78,4,4
20/12/2020,90519,48093,42426,,26006,22087,3728,1591,2137,35995,7864,506,192,214,100,3190,4674,40669,9195,34161,3646,857,220,14,2337,1045,260,78,4,4
21/12/2020,91021,48320,42701,,26125,22195,3738,1595,2143,35995,8074,513,198,215,100,3408,4666,40661,9207,34321,3691,867,220,14,2345,1047,260,78,4,4
22/12/2020,91465,48562,42903,,26246,22316,3773,1612,2161,35995,8260,534,200,229,105,3774,4486,40481,9225,34531,3699,873,220,14,2376,1051,260,78,4,4
23/12/2020,92069,48813,43256,,26388,22425,3789,1620,2169,35995,8506,523,196,228,99,3858,4648,40643,9345,34652,3701,881,220,14,2391,1052,260,78,4,4
24/12/2020,92582,49083,43502,,26527,22556,3813,1632,2181,35995,8750,525,196,230,99,1857,6893,42888,9364,34866,3738,881,220,14,2412,1053,260,80,4,4
25/12/2020,92910,49192,43718,,26586,22606,3824,1635,2189,35995,9942,531,198,233,100,1894,6948,42943,9427,34912,3738,881,220,14,2423,1053,260,80,4,4
26/12/2020,93508,49557,43951,,26772,22785,3851,1651,2200,35995,9179,532,193,238,101,2224,6955,42950,9515,35157,3760,891,220,14,2446,1055,262,80,4,4
27/12/2020,93824,49664,44160,,26821,22843,3860,1656,2204,35995,9288,521,190,232,99,2322,6966,42961,9526,35252,3761,891,220,14,2453,1056,263,80,4,4
28/12/2020,94333,49962,44371,,26981,22981,3879,1664,2215,35995,9566,522,190,232,99,2603,6963,42958,9601,35443,3786,898,220,14,2468,1060,263,80,4,4
29/12/2020,94793,50201,44592,,27098,23103,3911,1683,2228,35995,8270,545,200,240,105,1279,6991,42986,9628,35635,3802,902,220,14,2482,1061,280,80,4,4
30/12/2020,95076,50303,44773,,27155,23148,3942,1695,2247,35995,9835,531,195,235,101,1345,8490,44485,9679,35677,3811,902,220,14,2512,1062,280,80,4,4
31/12/2020,95568,50514,45054,,27273,23241,3998,1716,2282,35995,10004,517,190,229,98,1397,8607,44602,9701,35842,3830,907,220,14,2534,1086,282,88,4,4
01/01/2021,95868,50640,45228,,27348,23292,4027,1726,2301,35995,10105,513,189,225,99,1504,8601,44596,9702,35930,3867,907,220,14,2541,1105,285,88,4,4
02/01/2021,96370,50918,45432,,27481,23437,4048,1738,2310,35995,10360,515,190,226,99,1715,8645,44640,9791,36140,3839,914,220,14,2550,1117,285,88,4,4
03/01/2021,96902,51215,45687,,27637,23578,4068,1746,2322,35995,10637,515,190,226,99,1964,8673,44668,9843,36364,3860,914,220,14,2561,1126,285,88,4,4
04/01/2021,97386,51464,45922,,27768,23696,4088,1751,2337,35995,10873,508,187,223,98,2132,8741,44736,9910,36526,3880,914,220,14,2572,1135,285,88,4,4
05/01/2021,97877,51696,46181,,27891,23805,4114,1758,2356,35995,11069,518,190,229,99,2435,8634,44629,9955,36704,3881,922,220,14,2594,1139,285,88,4,4
06/01/2021,98446,52104,46342,,28111,23993,4150,1774,2376,41497,5932,525,192,231,102,1375,4557,46054,9982,37047,3913,928,220,14,2628,1141,285,88,4,4
07/01/2021,99266,52596,46670,,28371,24225,4167,1781,2386,41497,6416,516,192,224,100,1704,4712,46209,10040,37443,3951,928,220,14,2640,1142,286,91,4,4
08/01/2021,99548,52793,46755,,28478,24315,4195,1793,2402,41497,6592,509,189,220,100,1877,4715,46212,10079,37586,3960,934,220,14,2657,1153,286,91,4,4
09/01/2021,99989,53127,46862,,28659,24468,4219,1800,2419,41497,6896,515,192,223,100,2155,4741,46238,10152,37815,3985,941,220,14,2676,1156,286,93,4,4
10/01/2021,100313,53328,46985,,28777,24551,4240,1812,2428,41497,7076,515,192,223,100,2344,4732,46229,10199,37963,3991,941,220,14,2692,1159,288,93,4,4
11/01/2021,100882,53694,47188,,29007,24687,4269,1826,2443,41497,7391,537,197,239,101,2559,4832,46329,10274,38232,4013,941,220,14,2710,1161,297,93,4,4
12/01/2021,101215,53900,47315,,29114,24786,4279,1831,2448,41497,7581,543,199,243,101,2630,4951,46448,10309,38402,4014,941,220,14,2720,1161,297,93,4,4
13/01/2021,101752,54285,47467,,29318,24967,4321,1845,2476,41467,7911,556,197,250,109,1310,6601,48098,10386,38690,4030,945,220,14,2756,1166,298,93,4,4
14/01/2021,102339,54782,47557,,29577,25205,4354,1863,2491,41497,8371,560,215,243,102,1528,6843,48340,10520,38922,4161,945,220,14,2764,1169,315,98,4,4
15/01/2021,103030,55332,47698,,29866,25466,4381,1870,2511,41497,8907,547,211,235,101,1833,7074,48571,10570,39398,4181,949,220,14,2779,1172,324,98,4,4
16/01/2021,103732,55943,47789,,30190,25753,4442,1897,2545,41497,9463,541,208,233,100,2238,7225,48722,10669,39827,4260,953,220,14,2793,1218,325,98,4,4
17/01/2021,104228,56390,47838,,30447,25943,4494,1917,2577,41497,9856,543,208,235,100,2529,7327,48824,10752,40158,4280,966,220,14,2813,1244,331,98,4,4
18/01/2021,104595,56674,47921,,30603,26071,4534,1937,2597,41497,10095,548,210,238,100,2776,7319,48816,10819,40344,4302,975,220,14,2838,1247,343,98,4,4
19/01/2021,104941,56953,47988,,30756,26197,4576,1954,2622,41497,10339,541,207,234,100,1322,9017,50514,10861,40570,4310,978,220,14,2848,1278,343,98,4,4
20/01/2021,105585,57542,48043,,31082,26460,4621,1978,2643,41497,10886,538,206,232,100,1640,9246,50743,10958,41042,4320,987,220,15,2884,1287,343,99,4,4
21/01/2021,106200,58083,48117,,31389,26694,4660,1995,2665,41497,11389,537,203,233,101,2009,9380,50877,11049,41473,4334,992,220,15,2899,1308,343,102,4,4
22/01/2021,106845,58672,48173,,31688,26984,4737,2029,2708,41497,11902,536,204,232,100,2291,9611,51108,11224,41838,4380,995,220,15,2953,1326,347,103,4,4
23/01/2021,107305,59073,48232,,31899,27174,4814,2060,2754,41497,12233,529,202,228,99,2571,9662,51159,11311,42125,4403,999,220,15,3004,1347,352,103,4,4
24/01/2021,108015,59415,48600,,32070,27345,4865,2079,2786,41497,12552,501,198,205,98,2784,9768,51265,11391,42377,4408,1004,220,15,3043,1353,358,103,4,4
25/01/2021,108335,59640,48695,,32196,27444,4903,2098,2805,41497,12750,490,197,200,93,2893,9857,51354,11507,42486,4408,1004,220,15,3070,1363,359,103,4,4
26/01/2021,108616,59836,48780,,32323,27513,4931,2115,2816,41497,12915,493,197,203,93,1449,11466,52963,11588,42601,4408,1004,220,15,3086,1370,364,103,4,4
27/01/2021,109032,60157,48875,,32498,27656,4964,2132,2832,41497,13218,478,191,197,90,1620,11598,53095,11668,42835,4412,1007,220,15,3101,1384,368,103,4,4
28/01/2021,109403,60441,48962,,32645,27796,4995,2147,2848,41497,13477,472,190,192,90,1776,11701,53198,11744,43029,4425,1008,220,15,3117,1399,368,103,4,4
29/01/2021,110087,61036,49051,,32947,28089,5050,2172,2878,41497,14034,455,185,185,85,2052,11982,53479,11846,43483,4441,1031,220,15,3140,1430,369,103,4,4
30/01/2021,110592,61464,49128,,33191,28273,5079,2186,2893,41497,14439,449,180,184,85,2342,12097,53594,11940,43755,4502,1032,220,15,3158,1440,370,103,4,4
31/01/2021,111547,61935,49612,,33422,28513,5115,2196,2919,41497,14874,449,180,184,85,2684,12190,53687,12054,44037,4566,1043,220,15,3182,1451,371,103,4,4
01/02/2021,111864,62160,49704,,33545,28615,5145,2211,2934,41497,15086,432,175,172,85,2808,12278,53775,12121,44169,4589,1046,220,15,3209,1454,371,103,4,4
02/02/2021,112102,62319,49783,,33623,28696,5157,2215,2942,41497,15225,440,178,177,85,1318,13907,55404,12144,44288,4604,1048,220,15,3217,1454,375,103,4,4
03/02/2021,112258,62446,49812,,33686,28760,5173,2225,2948,41497,15349,427,173,172,82,1353,13996,55493,12152,44404,4607,1048,220,15,3229,1454,379,103,4,4
04/02/2021,112610,62727,49883,,33822,28905,5206,2240,2966,41497,15605,419,170,170,79,1505,14100,55597,12241,44589,4614,1048,220,15,3257,1457,381,103,4,4
05/02/2021,113031,63077,49954,,33994,29083,5236,2251,2958,41497,15965,379,156,152,71,1702,14263,55760,12312,44834,4646,1050,220,15,3271,1468,384,105,4,4
06/02/2021,113460,63395,50065,,34168,29227,5274,2263,3011,50208,7540,373,155,150,68,1891,5649,55857,12394,45044,4668,1054,220,15,3301,1475,385,105,4,4
07/02/2021,113820,63697,50208,,34315,29382,5289,2271,3018,50208,7852,348,148,140,60,2122,5730,55938,12457,45270,4679,1056,220,15,3310,1476,388,107,4,4
08/02/2021,114048,63854,50194,,34396,29458,5321,2286,3035,50208,7981,344,148,136,60,2178,5803,56011,12507,45371,4683,1058,220,15,3339,1479,388,107,4,4
09/02/2021,114207,63964,50243,,34451,29513,5358,2311,3047,50208,8057,341,146,136,59,988,7069,57277,12523,45464,4684,1058,220,15,3363,1488,392,107,4,4
10/02/2021,114429,64137,50292,,34541,29596,5376,2315,3061,50208,8237,316,135,126,55,1105,7132,57340,12591,45566,4687,1058,220,15,3378,1491,392,107,4,4
11/02/2021,114794,64449,50345,,34691,29758,5396,2323,3073,50208,8553,292,123,117,52,1270,7283,57491,12645,45793,4716,1060,220,15,3391,1498,392,107,4,4
12/02/2021,115015,64617,50398,,34779,29838,5423,2337,3086,50208,8713,273,115,112,46,1421,7292,57500,12710,45877,4726,1069,220,15,3410,1502,369,107,4,4
13/02/2021,115195,64763,50432,,34857,29906,5457,2350,3107,50208,8825,273,115,112,46,1547,7278,57486,12770,45960,4728,1069,221,15,3425,1520,396,107,5,4
14/02/2021,115447,64952,50495,,34949,30003,5470,2355,3115,50208,9001,273,115,112,46,1694,7307,57515,12816,46091,4739,1070,221,15,3436,1522,396,107,5,4
15/02/2021,115604,65081,50523,,35021,30060,5478,2358,3120,50208,9122,273,115,112,46,1761,7361,57569,12826,46208,4740,1071,221,15,3444,1522,396,107,5,4
16/02/2021,115797,65210,50587,,35083,30127,5499,2370,3129,50208,9269,234,100,98,36,913,8356,58564,12845,46316,4742,1071,221,15,3463,1524,396,107,5,4
17/02/2021,115956,65335,50621,,35148,30187,5536,2382,3154,50208,9362,229,98,96,35,980,8382,58590,12889,46363,4776,1071,221,15,3481,1536,399,111,5,4
18/02/2021,116279,65577,50702,,35281,30296,5550,2386,3164,50208,9590,229,98,96,35,1140,8450,58658,12948,46490,4830,1073,221,15,3491,1537,402,111,5,4
19/02/2021,116517,65734,50783,,35352,30382,5589,2401,3188,50208,9732,205,88,86,31,1253,8479,58687,13011,46560,4851,1075,222,15,3501,1565,402,112,5,4
20/02/2021,116682,65853,50829,,35405,30448,5604,2408,3196,50208,9836,205,88,86,31,1353,8483,58691,13038,46636,4867,1075,222,15,3511,1570,402,112,5,4
21/02/2021,116894,65983,50911,,35468,30515,5615,2414,3201,50208,9957,203,87,85,31,1468,8489,58697,13083,46709,4878,1076,222,15,3517,1575,402,112,5,4
22/02/2021,117043,66045,50998,,35501,30544,5621,2417,3204,50208,10027,189,80,83,26,1500,8527,58735,13099,46753,4879,1077,222,15,3523,1575,402,112,5,4
23/02/2021,117141,66116,51025,,35537,30579,5639,2423,3216,50208,10093,176,72,80,24,682,9411,59619,13106,46817,4879,1077,222,15,3536,1580,402,112,5,4
24/02/2021,117301,66219,51082,,35588,30631,5660,2427,3233,50208,10177,174,71,79,24,757,9420,59628,13164,46842,4899,1077,222,15,3548,1586,405,112,5,4
25/02/2021,117447,66336,51111,,35652,30684,5673,2431,3242,50208,10289,166,68,76,22,848,9441,56649,13204,46877,4940,1077,223,15,3559,1588,405,112,5,4
26/02/2021,117595,66443,51152,,35704,30739,5694,2439,3255,50208,10375,166,68,76,22,932,9443,59651,13261,46926,4940,1078,223,15,3573,1595,405,112,5,4
27/02/2021,117742,66546,51196,,35752,30794,5708,2443,3265,50208,10497,133,53,61,19,1018,9479,59687,13282,47000,4947,1079,223,15,3575,1607,405,112,5,4
28/02/2021,117873,66642,51231,,35807,30835,5716,2447,3269,50208,10585,133,53,61,19,1054,9531,59739,13304,47057,4962,1081,223,15,3581,1609,405,112,5,4
01/03/2021,117995,66727,51268,,35860,30867,5739,2458,3281,50208,10653,127,51,59,17,1082,9571,59779,13318,47128,4962,1081,223,15,3595,1617,405,113,5,4
02/03/2021,118116,66827,51289,,35909,30918,5746,2463,3283,50208,10762,111,43,68,0,523,10239,60447,13333,47213,4962,1081,223,15,3600,1619,405,113,5,4
03/03/2021,118283,66962,51321,,35990,30972,5779,2478,3301,50208,10875,100,40,60,0,662,10213,60421,13379,47261,5003,1081,223,15,3621,1630,406,113,5,4
04/03/2021,118458,67083,51375,,36059,31024,5793,2484,3309,50208,10981,101,38,63,0,763,10218,60426,13417,47308,5039,1081,223,15,3625,1639,407,113,5,4
05/03/2021,118639,67227,51412,,36135,31092,5806,2488,3318,50208,11112,101,38,63,0,858,10254,60462,13455,47391,5061,1082,223,15,3634,1643,407,113,5,4
06/03/2021,118738,67302,51436,,36178,31124,5810,2490,3320,50208,11186,98,34,62,2,926,10260,60468,13482,47434,5065,1083,223,15,3637,1644,407,113,5,4
07/03/2021,118912,67427,51485,,36242,31185,5820,2494,3326,50208,11301,98,34,62,2,1039,10262,60470,13533,47488,5084,1084,223,15,3641,1650,407,113,5,4
08/03/2021,119002,67491,51511,,36280,31211,5824,2496,3328,50208,11376,83,29,52,2,1098,10278,60486,13554,47529,5084,1086,223,15,3645,1650,407,113,5,4
09/03/2021,119101,67556,51545,,36315,31241,5839,2502,3337,50208,11421,88,31,55,2,621,10800,61008,13563,47584,5058,1086,223,15,3657,1653,407,113,5,4
10/03/2021,119256,67684,51572,,36376,31308,5850,2505,3345,50208,11534,92,33,57,2,726,10808,61016,13612,47658,5090,1086,223,15,3663,1657,408,113,5,4
11/03/2021,119504,67892,51612,,36482,31410,5857,2507,3350,50208,11732,95,36,57,2,852,10880,61088,13653,47808,5105,1087,224,15,3665,1662,408,113,5,4
12/03/2021,119638,68000,51638,,36534,31466,5868,2512,3356,50208,11830,94,34,58,2,942,10888,61096,13699,47864,5109,1089,224,15,3667,1670,409,113,5,4
13/03/2021,119776,68100,51676,,36587,31513,5879,2517,3362,50208,11924,89,32,55,2,1025,10899,61107,13744,47906,5122,1089,224,15,3677,1671,409,113,5,4
14/03/2021,119968,68268,51700,,36673,31595,5883,2520,3363,50208,12094,83,30,52,1,1179,10915,61123,13791,48023,5126,1089,224,15,3680,1672,409,113,5,4
15/03/2021,120082,68316,51766,,36699,31617,5886,2520,3366,50208,12139,83,30,52,1,1225,10914,61122,13809,48052,5126,1090,224,15,3683,1672,409,113,5,4
16/03/2021,120117,68339,51778,,36709,31630,5887,2521,3366,57150,5212,90,33,56,1,747,4465,61615,13815,48069,5126,1090,224,15,3684,1672,409,113,5,4
17/03/2021,120176,68387,51789,,36736,31651,5891,2522,3369,57150,5256,90,33,56,1,791,4465,61615,13820,48110,5127,1091,224,15,3688,1672,409,113,5,4
18/03/2021,120375,68546,51829,,36828,31718,5901,2524,3377,57150,5384,111,39,69,3,920,4464,61614,13868,48190,5158,1091,224,15,3694,1675,410,113,5,4
19/03/2021,120536,68660,51876,,36888,31772,5913,2532,3381,57150,5490,107,38,66,3,1029,4461,61611,13910,48261,5158,1092,224,15,3698,1683,410,113,5,4
20/03/2021,120743,68789,51954,,36963,31826,5929,2536,3393,57150,5595,115,35,64,16,1134,4461,61611,13953,48329,5175,1093,224,15,3707,1690,410,113,5,4
21/03/2021,120968,68879,52089,,37014,31865,5939,2541,3398,57150,5675,115,35,64,16,1197,4478,61628,13994,48359,5192,1095,224,15,3715,1692,410,113,5,4
22/03/2021,121077,68956,52121,,37057,31899,5942,2543,3399,57150,5749,115,35,63,17,1279,4478,61628,14017,48413,5192,1095,224,15,3717,1962,411,113,5,4
23/03/2021,121196,69024,52172,,37095,31929,5947,2545,3402,57150,5806,121,35,62,24,655,5151,62301,14035,48463,5192,1095,224,15,3722,1692,411,113,5,4
24/03/2021,121379,69168,52211,,37173,31995,5954,2550,3404,57150,5933,131,37,68,36,754,5179,62329,14092,48504,5238,1095,224,15,3728,1693,411,113,5,4
25/03/2021,121626,69327,52299,,37263,32064,5961,2554,3407,57150,6083,133,37,69,27,827,5256,62406,14151,48563,5278,1096,224,15,3732,1696,411,113,5,4
26/03/2021,121836,69471,52365,,37339,32132,5964,2556,3408,57150,6231,126,36,68,22,955,5276,62426,14234,48613,5289,1096,224,15,3732,1699,411,113,5,4
27/03/2021,122035,69612,52423,,37419,32193,5970,2560,3410,57150,6370,122,34,63,25,1078,5292,62442,14285,48675,5317,1096,224,15,3738,1699,411,113,5,4
28/03/2021,122245,69734,52511,,37487,32247,5972,2560,3412,57150,6490,122,34,63,25,1180,5310,62460,14319,48734,5346,1096,224,15,3740,1699,411,113,5,4
29/03/2021,122346,69790,52556,,37515,32275,5980,2563,3417,57150,6541,119,33,60,26,1226,5315,62465,14343,48761,5348,1099,224,15,3748,1699,411,113,5,4
30/03/2021,122442,69828,52614,,37533,32295,5989,2566,3423,57150,6566,123,35,63,25,675,5891,63041,14349,48790,5351,1099,224,15,3753,1702,412,113,5,4
31/03/2021,122661,69936,52725,,37593,32343,5991,2566,3425,57150,6673,122,35,66,21,760,5913,63063,14412,48814,5371,1100,224,15,3754,1703,412,113,5,4
01/04/2021,122884,70053,52831,,37658,32395,6002,2568,3434,57150,6760,141,41,77,23,862,5898,63048,14455,48861,5397,1101,224,15,3763,1705,412,113,5,4
02/04/2021,123093,70157,52936,,37715,32442,6005,2569,3436,57150,6868,134,39,75,20,940,5928,63078,14499,48909,5408,1102,224,15,3765,1706,412,113,5,4
03/04/2021,123203,70192,53011,,37737,32455,6018,2578,3440,57150,6898,126,37,69,20,955,5943,63093,14509,48933,5409,1102,224,15,3767,1707,414,121,5,4
04/04/2021,123377,70249,53128,,37771,32478,6026,2581,3445,57150,6957,116,34,62,20,1010,5947,63097,14517,48981,5410,1102,224,15,3768,1709,414,126,5,4
05/04/2021,123474,70287,53187,,37788,32499,6029,2582,3447,57150,6992,116,34,62,20,1041,5951,63101,14525,49007,5414,1102,224,15,3770,1710,414,126,5,4
06/04/2021,123624,70352,53272,,37822,32530,6032,2583,3449,57150,7031,139,46,76,17,491,6540,63690,14543,49044,5424,1102,224,15,3773,1710,414,126,5,4
07/04/2021,123876,70482,53394,,37892,32590,6035,2584,3451,57150,7151,146,47,79,20,564,6587,63737,14582,49113,5442,1106,224,15,3775,1711,414,126,5,4
08/04/2021,124135,70623,53512,,37963,32660,6054,2591,3463,57150,7286,133,42,67,24,647,6639,63789,14637,49193,5448,1106,224,15,3792,1713,414,126,5,4
09/04/2021,124386,70754,53632,,38029,32725,6067,2596,3471,57150,7400,137,41,68,30,739,6661,63811,14683,49277,5449,1106,224,15,3803,1715,414,126,5,4
10/04/2021,124628,70872,53756,,38091,32781,6085,2602,3483,57150,7505,132,35,64,33,832,6673,63823,14732,49342,5453,1106,224,15,3816,1720,414,126,5,4
11/04/2021,124863,70988,53875,,38154,32834,6106,2613,3493,57150,7595,137,34,69,34,913,6682,63832,14790,49384,5467,1108,224,15,3837,1720,414,126,5,4
12/04/2021,124962,71020,53942,,38169,32851,6109,2615,3494,57150,7626,135,34,67,34,943,6683,63833,14806,49400,5467,1108,224,15,3840,1720,414,126,5,4
13/04/2021,125111,71086,54025,,38197,32889,6118,2620,3498,57150,7683,135,34,75,26,566,7117,64267,14824,49448,5467,1108,224,15,3847,1722,414,126,5,4
14/04/2021,125389,71231,54158,,38279,32952,6132,2627,3505,57150,7812,137,37,75,25,645,7167,64317,14871,49492,5519,1110,224,15,3858,1725,414,126,5,4
15/04/2021,125694,71418,54276,,38380,33038,6148,2635,3513,57150,7991,129,32,70,27,768,7223,64373,14928,49587,5553,1111,224,15,3868,1731,414,126,5,4
16/04/2021,125919,71527,54392,,38441,33086,6156,2638,3518,57150,8102,119,29,68,22,841,7261,64411,14951,49646,5580,1111,224,15,3872,1734,414,127,5,4
17/04/2021,126146,71637,54509,,38503,33134,6168,2643,3525,57150,8200,119,28,72,19,928,7272,64422,15002,49691,5594,1111,224,15,3883,1735,414,127,5,4
18/04/2021,126353,71730,54623,,38555,33175,6168,2643,3525,57150,8292,120,28,72,20,1012,7280,64430,15019,49733,5628,1111,224,15,3883,1735,414,127,5,4
19/04/2021,126522,71790,54732,,38592,33198,6169,2643,3526,57150,8351,120,28,72,20,1075,7276,64426,15030,49780,5630,1111,224,15,3884,1735,414,127,5,4
20/04/2021,126709,71864,54845,,38642,33222,6172,2645,3527,57150,8414,128,28,76,24,622,7792,64942,15045,49837,5631,1112,224,15,3885,1737,414,127,5,4
21/04/2021,126962,72000,54962,,38711,33289,6180,2651,3529,57150,8547,123,26,70,27,715,7832,64982,15078,49894,5672,1117,224,15,3890,1739,415,127,5,4
22/04/2021,127221,72133,55088,,38783,33350,6192,2656,3536,57150,8669,122,24,68,30,827,7842,64992,15106,49951,5720,1117,224,15,3896,1743,417,127,5,4
23/04/2021,127462,72247,55215,,38830,33417,6198,2660,3538,57150,8785,114,23,62,29,928,7857,65007,15126,50013,5752,1117,224,15,3900,1745,417,127,5,4
24/04/2021,127624,72346,55338,,38886,33460,6203,2663,3540,57150,8893,100,19,52,29,1017,7876,65026,15154,50050,5785,1118,224,15,3904,1746,417,127,5,4
25/04/2021,127964,72465,55499,,38962,33503,6207,2666,3541,57150,9009,99,18,54,27,1132,7877,65027,15183,50116,5808,1119,224,15,3908,1746,417,127,5,4
26/04/2021,128141,72533,55608,,38999,33534,6208,2666,3542,57150,9076,99,18,53,28,1198,7878,65028,15200,50167,5808,1119,224,15,3909,1746,417,127,5,4
27/04/2021,128313,72591,55722,,39035,33556,6214,2669,3545,57150,9130,97,17,52,28,594,8536,65686,15217,50205,5811,1119,224,15,3914,1746,417,128,5,4
28/04/2021,128540,72686,55854,,39090,33596,6219,2672,3547,57150,9224,93,17,52,24,684,8540,65690,15240,50249,5839,1119,224,15,3917,1748,417,128,5,4
29/04/2021,128768,72797,55971,,39149,33648,6234,2674,3560,57150,9310,103,17,61,25,780,8530,65680,15276,50302,5861,1119,224,15,3931,1749,417,128,5,4
30/04/2021,128959,72874,56085,,39190,33684,6248,2680,3568,57150,9373,103,17,61,25,843,8530,65680,15300,50347,5867,1121,224,15,3940,1754,417,128,5,4
01/05/2021,129129,72938,56191,,39228,33710,6249,2680,3569,57150,9451,88,15,48,25,905,8546,65696,15313,50386,5879,1121,224,15,3941,1754,417,128,5,4
02/05/2021,129297,72989,56308,,39251,33738,6250,2680,3570,57150,9502,87,14,48,25,954,8548,65698,15328,50412,5889,1121,224,15,3942,1754,417,128,5,4
03/05/2021,129475,73044,56431,,39285,33759,6251,2681,3570,57150,9556,87,14,48,25,1007,8549,65699,15335,50456,5891,1123,224,15,3943,1754,417,128,5,4
04/05/2021,129530,73058,56472,,39293,33765,6262,2688,3574,57150,9571,75,11,44,20,474,9097,66247,15339,50466,5891,1123,224,15,3946,1759,417,131,5,4
05/05/2021,129694,73146,56548,,39340,33806,6266,2689,3477,57150,9656,74,10,43,21,617,9039,66189,15368,50498,5917,1124,224,15,3950,1759,417,131,5,4
06/05/2021,129875,73208,56667,,39380,33828,6270,2689,3581,57150,9717,71,10,44,17,672,9045,66195,15399,50526,5920,1124,224,15,3954,1759,417,131,5,4
07/05/2021,130058,73277,56781,,39412,33865,6281,2691,3590,57150,9783,63,8,41,14,732,9051,66201,15430,50564,5920,1124,224,15,3962,1760,417,133,5,4
08/05/2021,130251,73354,56897,,39456,33898,6285,2693,3592,57150,9853,66,9,45,12,808,9045,66195,15456,50586,5949,1124,224,15,3964,1761,417,134,5,4
09/05/2021,130446,73425,57021,,39502,33923,6288,2694,3594,57150,9927,60,7,42,11,878,9049,66199,15474,50620,5968,1124,224,15,3967,1761,417,134,5,4
10/05/2021,130570,73462,57108,,39526,33936,6288,2694,3594,57150,9966,58,7,40,11,915,9051,66201,15482,50649,5968,1124,224,15,3967,1761,417,134,5,4
11/05/2021,130815,73516,57299,,39562,33954,6288,2694,3594,57150,10020,58,7,42,9,462,9558,66708,15486,50697,5970,1124,224,15,3967,1761,417,134,5,4
12/05/2021,130988,73560,57428,,39583,33977,6292,2696,3596,63346,3858,64,9,45,10,503,3355,66701,15489,50715,5992,1125,224,15,3968,1764,417,134,5,4
13/05/2021,131202,73649,57553,,39631,34018,6293,2696,3597,63346,3951,59,8,44,7,587,3364,66710,15530,50760,5995,1125,224,15,3968,1765,417,134,5,4
14/05/2021,131323,73682,57641,,39649,34033,6299,2698,3601,63346,3970,67,10,49,8,616,3354,66700,15534,50780,6002,1127,224,15,3970,1768,417,135,5,4
15/05/2021,131470,73705,57765,,39662,34043,6301,2700,3601,63346,3988,70,11,51,8,637,3351,66697,15536,50801,6002,1127,224,15,3970,1770,417,135,5,4
16/05/2021,131638,73761,57877,,39698,34063,6304,2701,3603,63346,4039,72,11,49,12,688,3351,66697,15567,50819,6009,1127,224,15,3973,1770,417,135,5,4
17/05/2021,131789,73804,57985,,39716,34088,6304,2701,3903,63346,4082,72,11,49,12,731,3351,66697,15582,50847,6009,1127,224,15,3973,1770,417,135,5,4
18/05/2021,131998,73883,58115,,39753,34130,6307,2702,3605,63346,4169,61,8,45,8,804,3365,66711,15610,50897,6010,1127,224,15,3976,1770,417,135,5,4
19/05/2021,132220,73964,58256,,39797,34167,6309,2704,3605,63346,4244,65,9,47,9,883,3361,66707,15662,50926,6010,1127,224,15,3977,1771,417,135,5,4
20/05/2021,132429,74051,58378,,39844,34207,6313,2705,3608,63346,4328,64,7,42,15,435,3893,67239,15710,50959,6015,1128,224,15,3981,1771,417,135,5,4
21/05/2021,132617,74121,58496,,39879,34242,6317,2707,3610,63346,4395,63,7,40,16,499,3896,67242,15730,51007,6016,1129,224,15,3983,1773,417,135,5,4
22/05/2021,132831,74210,58621,,39913,34297,6319,2708,3611,63346,4481,64,7,42,15,583,3898,67244,15752,51067,6022,1130,224,15,3985,1773,417,135,5,4
23/05/2021,133014,74271,58743,,39942,34329,6324,2709,3615,63346,4537,64,7,42,15,636,3901,67247,15774,51098,6030,1130,224,15,3987,1776,417,135,5,4
24/05/2021,133127,74316,58811,,39965,34351,6324,2709,3615,63346,4582,64,7,42,15,680,3902,67248,15781,51135,6031,1130,224,15,3987,1776,417,135,5,4
25/05/2021,133275,74356,58919,,39986,34370,6326,2709,3617,63346,4618,66,7,40,19,475,4143,67489,15784,51171,6032,1130,224,15,3989,1776,417,135,5,4
26/05/2021,133540,74428,59112,,40022,34406,6331,2710,3621,63346,4685,66,7,40,19,541,4144,67490,15819,51208,6032,1130,224,15,3991,1777,417,137,5,4
27/05/2021,133735,74499,59236,,40070,34629,6334,2712,3622,63346,4747,72,9,44,19,608,4139,67485,15852,51242,6036,1130,224,15,3992,1779,417,137,5,4
28/05/2021,133929,74580,59349,,40111,34469,6342,2715,3627,63346,4820,72,9,43,20,680,4140,67486,15882,51292,6037,1130,224,15,3994,1785,417,137,5,4
29/05/2021,134142,74674,59468,,40164,34510,6344,2716,3628,63346,4901,83,11,51,21,771,4130,67476,15913,51351,6040,1131,224,15,3996,1785,417,137,5,4
30/05/2021,134359,74774,59585,,40217,34557,6346,2717,3629,63346,5004,78,10,47,21,852,4152,67498,15939,51402,6061,1133,224,15,3997,1786,417,137,5,4
31/05/2021,134503,74813,59690,,40239,34574,6346,2717,3629,63346,5042,79,10,47,22,890,4142,67498,15949,51431,6061,1133,224,15,3997,1786,417,137,5,4
01/06/2021,134677,74868,59809,,40266,34602,6363,2721,3642,63346,5070,89,12,56,21,509,4561,67907,15973,51462,6061,1133,224,15,4012,1788,417,137,5,4
02/06/2021,134889,74958,59931,,40313,34645,6368,2722,3646,63346,5151,93,15,62,16,587,4564,67910,16017,51495,6074,1133,224,15,4013,1792,417,137,5,4
